Name,Age,city
person_0,20,city_0
person_1,21,city_1
person_2,22,city_2
person_3,23,city_3
person_4,24,city_4
person_5,25,city_0
person_6,26,city_1
person_7,27,city_2
person_8,28,city_3
person_9,29,city_4
person_10,30,city_0
person_11,31,city_1
person_12,32,city_2
person_13,33,city_3
person_14,34,city_4
person_15,35,city_0
person_16,36,city_1
person_17,37,city_2
person_18,38,city_3
person_19,39,city_4
person_20,40,city_0
person_21,41,city_1
person_22,42,city_2
person_23,43,city_3
person_24,44,city_4
person_25,45,city_0
person_26,46,city_1
person_27,47,city_2
person_28,48,city_3
person_29,49,city_4
person_30,20,city_0
person_31,21,city_1
person_32,22,city_2
person_33,23,city_3
person_34,24,city_4
person_35,25,city_0
person_36,26,city_1
person_37,27,city_2
person_38,28,city_3
person_39,29,city_4
person_40,30,city_0
person_41,31,city_1
person_42,32,city_2
person_43,33,city_3
person_44,34,city_4
person_45,35,city_0
person_46,36,city_1
person_47,37,city_2
person_48,38,city_3
person_49,39,city_4
person_50,40,city_0
person_51,41,city_1
person_52,42,city_2
person_53,43,city_3
person_54,44,city_4
person_55,45,city_0
person_56,46,city_1
person_57,47,city_2
person_58,48,city_3
person_59,49,city_4
person_60,20,city_0
person_61,21,city_1
person_62,22,city_2
person_63,23,city_3
person_64,24,city_4
person_65,25,city_0
person_66,26,city_1
person_67,27,city_2
person_68,28,city_3
person_69,29,city_4
person_70,30,city_0
person_71,31,city_1
person_72,32,city_2
person_73,33,city_3
person_74,34,city_4
person_75,35,city_0
person_76,36,city_1
person_77,37,city_2
person_78,38,city_3
person_79,39,city_4
person_80,40,city_0
person_81,41,city_1
person_82,42,city_2
person_83,43,city_3
person_84,44,city_4
person_85,45,city_0
person_86,46,city_1
person_87,47,city_2
person_88,48,city_3
person_89,49,city_4
person_90,20,city_0
person_91,21,city_1
person_92,22,city_2
person_93,23,city_3
person_94,24,city_4
person_95,25,city_0
person_96,26,city_1
person_97,27,city_2
person_98,28,city_3
person_99,29,city_4
person_100,30,city_0
person_101,31,city_1
person_102,32,city_2
person_103,33,city_3
person_104,34,city_4
person_105,35,city_0
person_106,36,city_1
person_107,37,city_2
person_108,38,city_3
person_109,39,city_4
person_110,40,city_0
person_111,41,city_1
person_112,42,city_2
person_113,43,city_3
person_114,44,city_4
person_115,45,city_0
person_116,46,city_1
person_117,47,city_2
person_118,48,city_3
person_119,49,city_4
person_120,20,city_0
person_121,21,city_1
person_122,22,city_2
person_123,23,city_3
person_124,24,city_4
person_125,25,city_0
person_126,26,city_1
person_127,27,city_2
person_128,28,city_3
person_129,29,city_4
person_130,30,city_0
person_131,31,city_1
person_132,32,city_2
person_133,33,city_3
person_134,34,city_4
person_135,35,city_0
person_136,36,city_1
person_137,37,city_2
person_138,38,city_3
person_139,39,city_4
person_140,40,city_0
person_141,41,city_1
person_142,42,city_2
person_143,43,city_3
person_144,44,city_4
person_145,45,city_0
person_146,46,city_1
person_147,47,city_2
person_148,48,city_3
person_149,49,city_4
person_150,20,city_0
person_151,21,city_1
person_152,22,city_2
person_153,23,city_3
person_154,24,city_4
person_155,25,city_0
person_156,26,city_1
person_157,27,city_2
person_158,28,city_3
person_159,29,city_4
person_160,30,city_0
person_161,31,city_1
person_162,32,city_2
person_163,33,city_3
person_164,34,city_4
person_165,35,city_0
person_166,36,city_1
person_167,37,city_2
person_168,38,city_3
person_169,39,city_4
person_170,40,city_0
person_171,41,city_1
person_172,42,city_2
person_173,43,city_3
person_174,44,city_4
person_175,45,city_0
person_176,46,city_1
person_177,47,city_2
person_178,48,city_3
person_179,49,city_4
person_180,20,city_0
person_181,21,city_1
person_182,22,city_2
person_183,23,city_3
person_184,24,city_4
person_185,25,city_0
person_186,26,city_1
person_187,27,city_2
person_188,28,city_3
person_189,29,city_4
person_190,30,city_0
person_191,31,city_1
person_192,32,city_2
person_193,33,city_3
person_194,34,city_4
person_195,35,city_0
person_196,36,city_1
person_197,37,city_2
person_198,38,city_3
person_199,39,city_4
person_200,40,city_0
person_201,41,city_1
person_202,42,city_2
person_203,43,city_3
person_204,44,city_4
person_205,45,city_0
person_206,46,city_1
person_207,47,city_2
person_208,48,city_3
person_209,49,city_4
person_210,20,city_0
person_211,21,city_1
person_212,22,city_2
person_213,23,city_3
person_214,24,city_4
person_215,25,city_0
person_216,26,city_1
person_217,27,city_2
person_218,28,city_3
person_219,29,city_4
person_220,30,city_0
person_221,31,city_1
person_222,32,city_2
person_223,33,city_3
person_224,34,city_4
person_225,35,city_0
person_226,36,city_1
person_227,37,city_2
person_228,38,city_3
person_229,39,city_4
person_230,40,city_0
person_231,41,city_1
person_232,42,city_2
person_233,43,city_3
person_234,44,city_4
person_235,45,city_0
person_236,46,city_1
person_237,47,city_2
person_238,48,city_3
person_239,49,city_4
person_240,20,city_0
person_241,21,city_1
person_242,22,city_2
person_243,23,city_3
person_244,24,city_4
person_245,25,city_0
person_246,26,city_1
person_247,27,city_2
person_248,28,city_3
person_249,29,city_4
person_250,30,city_0
person_251,31,city_1
person_252,32,city_2
person_253,33,city_3
person_254,34,city_4
person_255,35,city_0
person_256,36,city_1
person_257,37,city_2
person_258,38,city_3
person_259,39,city_4
person_260,40,city_0
person_261,41,city_1
person_262,42,city_2
person_263,43,city_3
person_264,44,city_4
person_265,45,city_0
person_266,46,city_1
person_267,47,city_2
person_268,48,city_3
person_269,49,city_4
person_270,20,city_0
person_271,21,city_1
person_272,22,city_2
person_273,23,city_3
person_274,24,city_4
person_275,25,city_0
person_276,26,city_1
person_277,27,city_2
person_278,28,city_3
person_279,29,city_4
person_280,30,city_0
person_281,31,city_1
person_282,32,city_2
person_283,33,city_3
person_284,34,city_4
person_285,35,city_0
person_286,36,city_1
person_287,37,city_2
person_288,38,city_3
person_289,39,city_4
person_290,40,city_0
person_291,41,city_1
person_292,42,city_2
person_293,43,city_3
person_294,44,city_4
person_295,45,city_0
person_296,46,city_1
person_297,47,city_2
person_298,48,city_3
person_299,49,city_4
person_300,20,city_0
person_301,21,city_1
person_302,22,city_2
person_303,23,city_3
person_304,24,city_4
person_305,25,city_0
person_306,26,city_1
person_307,27,city_2
person_308,28,city_3
person_309,29,city_4
person_310,30,city_0
person_311,31,city_1
person_312,32,city_2
person_313,33,city_3
person_314,34,city_4
person_315,35,city_0
person_316,36,city_1
person_317,37,city_2
person_318,38,city_3
person_319,39,city_4
person_320,40,city_0
person_321,41,city_1
person_322,42,city_2
person_323,43,city_3
person_324,44,city_4
person_325,45,city_0
person_326,46,city_1
person_327,47,city_2
person_328,48,city_3
person_329,49,city_4
person_330,20,city_0
person_331,21,city_1
person_332,22,city_2
person_333,23,city_3
person_334,24,city_4
person_335,25,city_0
person_336,26,city_1
person_337,27,city_2
person_338,28,city_3
person_339,29,city_4
person_340,30,city_0
person_341,31,city_1
person_342,32,city_2
person_343,33,city_3
person_344,34,city_4
person_345,35,city_0
person_346,36,city_1
person_347,37,city_2
person_348,38,city_3
person_349,39,city_4
person_350,40,city_0
person_351,41,city_1
person_352,42,city_2
person_353,43,city_3
person_354,44,city_4
person_355,45,city_0
person_356,46,city_1
person_357,47,city_2
person_358,48,city_3
person_359,49,city_4
person_360,20,city_0
person_361,21,city_1
person_362,22,city_2
person_363,23,city_3
person_364,24,city_4
person_365,25,city_0
person_366,26,city_1
person_367,27,city_2
person_368,28,city_3
person_369,29,city_4
person_370,30,city_0
person_371,31,city_1
person_372,32,city_2
person_373,33,city_3
person_374,34,city_4
person_375,35,city_0
person_376,36,city_1
person_377,37,city_2
person_378,38,city_3
person_379,39,city_4
person_380,40,city_0
person_381,41,city_1
person_382,42,city_2
person_383,43,city_3
person_384,44,city_4
person_385,45,city_0
person_386,46,city_1
person_387,47,city_2
person_388,48,city_3
person_389,49,city_4
person_390,20,city_0
person_391,21,city_1
person_392,22,city_2
person_393,23,city_3
person_394,24,city_4
person_395,25,city_0
person_396,26,city_1
person_397,27,city_2
person_398,28,city_3
person_399,29,city_4
person_400,30,city_0
person_401,31,city_1
person_402,32,city_2
person_403,33,city_3
person_404,34,city_4
person_405,35,city_0
person_406,36,city_1
person_407,37,city_2
person_408,38,city_3
person_409,39,city_4
person_410,40,city_0
person_411,41,city_1
person_412,42,city_2
person_413,43,city_3
person_414,44,city_4
person_415,45,city_0
person_416,46,city_1
person_417,47,city_2
person_418,48,city_3
person_419,49,city_4
person_420,20,city_0
person_421,21,city_1
person_422,22,city_2
person_423,23,city_3
person_424,24,city_4
person_425,25,city_0
person_426,26,city_1
person_427,27,city_2
person_428,28,city_3
person_429,29,city_4
person_430,30,city_0
person_431,31,city_1
person_432,32,city_2
person_433,33,city_3
person_434,34,city_4
person_435,35,city_0
person_436,36,city_1
person_437,37,city_2
person_438,38,city_3
person_439,39,city_4
person_440,40,city_0
person_441,41,city_1
person_442,42,city_2
person_443,43,city_3
person_444,44,city_4
person_445,45,city_0
person_446,46,city_1
person_447,47,city_2
person_448,48,city_3
person_449,49,city_4
person_450,20,city_0
person_451,21,city_1
person_452,22,city_2
person_453,23,city_3
person_454,24,city_4
person_455,25,city_0
person_456,26,city_1
person_457,27,city_2
person_458,28,city_3
person_459,29,city_4
person_460,30,city_0
person_461,31,city_1
person_462,32,city_2
person_463,33,city_3
person_464,34,city_4
person_465,35,city_0
person_466,36,city_1
person_467,37,city_2
person_468,38,city_3
person_469,39,city_4
person_470,40,city_0
person_471,41,city_1
person_472,42,city_2
person_473,43,city_3
person_474,44,city_4
person_475,45,city_0
person_476,46,city_1
person_477,47,city_2
person_478,48,city_3
person_479,49,city_4
person_480,20,city_0
person_481,21,city_1
person_482,22,city_2
person_483,23,city_3
person_484,24,city_4
person_485,25,city_0
person_486,26,city_1
person_487,27,city_2
person_488,28,city_3
person_489,29,city_4
person_490,30,city_0
person_491,31,city_1
person_492,32,city_2
person_493,33,city_3
person_494,34,city_4
person_495,35,city_0
person_496,36,city_1
person_497,37,city_2
person_498,38,city_3
person_499,39,city_4
person_500,40,city_0
person_501,41,city_1
person_502,42,city_2
person_503,43,city_3
person_504,44,city_4
person_505,45,city_0
person_506,46,city_1
person_507,47,city_2
person_508,48,city_3
person_509,49,city_4
person_510,20,city_0
person_511,21,city_1
person_512,22,city_2
person_513,23,city_3
person_514,24,city_4
person_515,25,city_0
person_516,26,city_1
person_517,27,city_2
person_518,28,city_3
person_519,29,city_4
person_520,30,city_0
person_521,31,city_1
person_522,32,city_2
person_523,33,city_3
person_524,34,city_4
person_525,35,city_0
person_526,36,city_1
person_527,37,city_2
person_528,38,city_3
person_529,39,city_4
person_530,40,city_0
person_531,41,city_1
person_532,42,city_2
person_533,43,city_3
person_534,44,city_4
person_535,45,city_0
person_536,46,city_1
person_537,47,city_2
person_538,48,city_3
person_539,49,city_4
person_540,20,city_0
person_541,21,city_1
person_542,22,city_2
person_543,23,city_3
person_544,24,city_4
person_545,25,city_0
person_546,26,city_1
person_547,27,city_2
person_548,28,city_3
person_549,29,city_4
person_550,30,city_0
person_551,31,city_1
person_552,32,city_2
person_553,33,city_3
person_554,34,city_4
person_555,35,city_0
person_556,36,city_1
person_557,37,city_2
person_558,38,city_3
person_559,39,city_4
person_560,40,city_0
person_561,41,city_1
person_562,42,city_2
person_563,43,city_3
person_564,44,city_4
person_565,45,city_0
person_566,46,city_1
person_567,47,city_2
person_568,48,city_3
person_569,49,city_4
person_570,20,city_0
person_571,21,city_1
person_572,22,city_2
person_573,23,city_3
person_574,24,city_4
person_575,25,city_0
person_576,26,city_1
person_577,27,city_2
person_578,28,city_3
person_579,29,city_4
person_580,30,city_0
person_581,31,city_1
person_582,32,city_2
person_583,33,city_3
person_584,34,city_4
person_585,35,city_0
person_586,36,city_1
person_587,37,city_2
person_588,38,city_3
person_589,39,city_4
person_590,40,city_0
person_591,41,city_1
person_592,42,city_2
person_593,43,city_3
person_594,44,city_4
person_595,45,city_0
person_596,46,city_1
person_597,47,city_2
person_598,48,city_3
person_599,49,city_4
person_600,20,city_0
person_601,21,city_1
person_602,22,city_2
person_603,23,city_3
person_604,24,city_4
person_605,25,city_0
person_606,26,city_1
person_607,27,city_2
person_608,28,city_3
person_609,29,city_4
person_610,30,city_0
person_611,31,city_1
person_612,32,city_2
person_613,33,city_3
person_614,34,city_4
person_615,35,city_0
person_616,36,city_1
person_617,37,city_2
person_618,38,city_3
person_619,39,city_4
person_620,40,city_0
person_621,41,city_1
person_622,42,city_2
person_623,43,city_3
person_624,44,city_4
person_625,45,city_0
person_626,46,city_1
person_627,47,city_2
person_628,48,city_3
person_629,49,city_4
person_630,20,city_0
person_631,21,city_1
person_632,22,city_2
person_633,23,city_3
person_634,24,city_4
person_635,25,city_0
person_636,26,city_1
person_637,27,city_2
person_638,28,city_3
person_639,29,city_4
person_640,30,city_0
person_641,31,city_1
person_642,32,city_2
person_643,33,city_3
person_644,34,city_4
person_645,35,city_0
person_646,36,city_1
person_647,37,city_2
person_648,38,city_3
person_649,39,city_4
person_650,40,city_0
person_651,41,city_1
person_652,42,city_2
person_653,43,city_3
person_654,44,city_4
person_655,45,city_0
person_656,46,city_1
person_657,47,city_2
person_658,48,city_3
person_659,49,city_4
person_660,20,city_0
person_661,21,city_1
person_662,22,city_2
person_663,23,city_3
person_664,24,city_4
person_665,25,city_0
person_666,26,city_1
person_667,27,city_2
person_668,28,city_3
person_669,29,city_4
person_670,30,city_0
person_671,31,city_1
person_672,32,city_2
person_673,33,city_3
person_674,34,city_4
person_675,35,city_0
person_676,36,city_1
person_677,37,city_2
person_678,38,city_3
person_679,39,city_4
person_680,40,city_0
person_681,41,city_1
person_682,42,city_2
person_683,43,city_3
person_684,44,city_4
person_685,45,city_0
person_686,46,city_1
person_687,47,city_2
person_688,48,city_3
person_689,49,city_4
person_690,20,city_0
person_691,21,city_1
person_692,22,city_2
person_693,23,city_3
person_694,24,city_4
person_695,25,city_0
person_696,26,city_1
person_697,27,city_2
person_698,28,city_3
person_699,29,city_4
person_700,30,city_0
person_701,31,city_1
person_702,32,city_2
person_703,33,city_3
person_704,34,city_4
person_705,35,city_0
person_706,36,city_1
person_707,37,city_2
person_708,38,city_3
person_709,39,city_4
person_710,40,city_0
person_711,41,city_1
person_712,42,city_2
person_713,43,city_3
person_714,44,city_4
person_715,45,city_0
person_716,46,city_1
person_717,47,city_2
person_718,48,city_3
person_719,49,city_4
person_720,20,city_0
person_721,21,city_1
person_722,22,city_2
person_723,23,city_3
person_724,24,city_4
person_725,25,city_0
person_726,26,city_1
person_727,27,city_2
person_728,28,city_3
person_729,29,city_4
person_730,30,city_0
person_731,31,city_1
person_732,32,city_2
person_733,33,city_3
person_734,34,city_4
person_735,35,city_0
person_736,36,city_1
person_737,37,city_2
person_738,38,city_3
person_739,39,city_4
person_740,40,city_0
person_741,41,city_1
person_742,42,city_2
person_743,43,city_3
person_744,44,city_4
person_745,45,city_0
person_746,46,city_1
person_747,47,city_2
person_748,48,city_3
person_749,49,city_4
person_750,20,city_0
person_751,21,city_1
person_752,22,city_2
person_753,23,city_3
person_754,24,city_4
person_755,25,city_0
person_756,26,city_1
person_757,27,city_2
person_758,28,city_3
person_759,29,city_4
person_760,30,city_0
person_761,31,city_1
person_762,32,city_2
person_763,33,city_3
person_764,34,city_4
person_765,35,city_0
person_766,36,city_1
person_767,37,city_2
person_768,38,city_3
person_769,39,city_4
person_770,40,city_0
person_771,41,city_1
person_772,42,city_2
person_773,43,city_3
person_774,44,city_4
person_775,45,city_0
person_776,46,city_1
person_777,47,city_2
person_778,48,city_3
person_779,49,city_4
person_780,20,city_0
person_781,21,city_1
person_782,22,city_2
person_783,23,city_3
person_784,24,city_4
person_785,25,city_0
person_786,26,city_1
person_787,27,city_2
person_788,28,city_3
person_789,29,city_4
person_790,30,city_0
person_791,31,city_1
person_792,32,city_2
person_793,33,city_3
person_794,34,city_4
person_795,35,city_0
person_796,36,city_1
person_797,37,city_2
person_798,38,city_3
person_799,39,city_4
person_800,40,city_0
person_801,41,city_1
person_802,42,city_2
person_803,43,city_3
person_804,44,city_4
person_805,45,city_0
person_806,46,city_1
person_807,47,city_2
person_808,48,city_3
person_809,49,city_4
person_810,20,city_0
person_811,21,city_1
person_812,22,city_2
person_813,23,city_3
person_814,24,city_4
person_815,25,city_0
person_816,26,city_1
person_817,27,city_2
person_818,28,city_3
person_819,29,city_4
person_820,30,city_0
person_821,31,city_1
person_822,32,city_2
person_823,33,city_3
person_824,34,city_4
person_825,35,city_0
person_826,36,city_1
person_827,37,city_2
person_828,38,city_3
person_829,39,city_4
person_830,40,city_0
person_831,41,city_1
person_832,42,city_2
person_833,43,city_3
person_834,44,city_4
person_835,45,city_0
person_836,46,city_1
person_837,47,city_2
person_838,48,city_3
person_839,49,city_4
person_840,20,city_0
person_841,21,city_1
person_842,22,city_2
person_843,23,city_3
person_844,24,city_4
person_845,25,city_0
person_846,26,city_1
person_847,27,city_2
person_848,28,city_3
person_849,29,city_4
person_850,30,city_0
person_851,31,city_1
person_852,32,city_2
person_853,33,city_3
person_854,34,city_4
person_855,35,city_0
person_856,36,city_1
person_857,37,city_2
person_858,38,city_3
person_859,39,city_4
person_860,40,city_0
person_861,41,city_1
person_862,42,city_2
person_863,43,city_3
person_864,44,city_4
person_865,45,city_0
person_866,46,city_1
person_867,47,city_2
person_868,48,city_3
person_869,49,city_4
person_870,20,city_0
person_871,21,city_1
person_872,22,city_2
person_873,23,city_3
person_874,24,city_4
person_875,25,city_0
person_876,26,city_1
person_877,27,city_2
person_878,28,city_3
person_879,29,city_4
person_880,30,city_0
person_881,31,city_1
person_882,32,city_2
person_883,33,city_3
person_884,34,city_4
person_885,35,city_0
person_886,36,city_1
person_887,37,city_2
person_888,38,city_3
person_889,39,city_4
person_890,40,city_0
person_891,41,city_1
person_892,42,city_2
person_893,43,city_3
person_894,44,city_4
person_895,45,city_0
person_896,46,city_1
person_897,47,city_2
person_898,48,city_3
person_899,49,city_4
person_900,20,city_0
person_901,21,city_1
person_902,22,city_2
person_903,23,city_3
person_904,24,city_4
person_905,25,city_0
person_906,26,city_1
person_907,27,city_2
person_908,28,city_3
person_909,29,city_4
person_910,30,city_0
person_911,31,city_1
person_912,32,city_2
person_913,33,city_3
person_914,34,city_4
person_915,35,city_0
person_916,36,city_1
person_917,37,city_2
person_918,38,city_3
person_919,39,city_4
person_920,40,city_0
person_921,41,city_1
person_922,42,city_2
person_923,43,city_3
person_924,44,city_4
person_925,45,city_0
person_926,46,city_1
person_927,47,city_2
person_928,48,city_3
person_929,49,city_4
person_930,20,city_0
person_931,21,city_1
person_932,22,city_2
person_933,23,city_3
person_934,24,city_4
person_935,25,city_0
person_936,26,city_1
person_937,27,city_2
person_938,28,city_3
person_939,29,city_4
person_940,30,city_0
person_941,31,city_1
person_942,32,city_2
person_943,33,city_3
person_944,34,city_4
person_945,35,city_0
person_946,36,city_1
person_947,37,city_2
person_948,38,city_3
person_949,39,city_4
person_950,40,city_0
person_951,41,city_1
person_952,42,city_2
person_953,43,city_3
person_954,44,city_4
person_955,45,city_0
person_956,46,city_1
person_957,47,city_2
person_958,48,city_3
person_959,49,city_4
person_960,20,city_0
person_961,21,city_1
person_962,22,city_2
person_963,23,city_3
person_964,24,city_4
person_965,25,city_0
person_966,26,city_1
person_967,27,city_2
person_968,28,city_3
person_969,29,city_4
person_970,30,city_0
person_971,31,city_1
person_972,32,city_2
person_973,33,city_3
person_974,34,city_4
person_975,35,city_0
person_976,36,city_1
person_977,37,city_2
person_978,38,city_3
person_979,39,city_4
person_980,40,city_0
person_981,41,city_1
person_982,42,city_2
person_983,43,city_3
person_984,44,city_4
person_985,45,city_0
person_986,46,city_1
person_987,47,city_2
person_988,48,city_3
person_989,49,city_4
person_990,20,city_0
person_991,21,city_1
person_992,22,city_2
person_993,23,city_3
person_994,24,city_4
person_995,25,city_0
person_996,26,city_1
person_997,27,city_2
person_998,28,city_3
person_999,29,city_4
person_1000,30,city_0
person_1001,31,city_1
person_1002,32,city_2
person_1003,33,city_3
person_1004,34,city_4
person_1005,35,city_0
person_1006,36,city_1
person_1007,37,city_2
person_1008,38,city_3
person_1009,39,city_4
person_1010,40,city_0
person_1011,41,city_1
person_1012,42,city_2
person_1013,43,city_3
person_1014,44,city_4
person_1015,45,city_0
person_1016,46,city_1
person_1017,47,city_2
person_1018,48,city_3
person_1019,49,city_4
person_1020,20,city_0
person_1021,21,city_1
person_1022,22,city_2
person_1023,23,city_3
person_1024,24,city_4
person_1025,25,city_0
person_1026,26,city_1
person_1027,27,city_2
person_1028,28,city_3
person_1029,29,city_4
person_1030,30,city_0
person_1031,31,city_1
person_1032,32,city_2
person_1033,33,city_3
person_1034,34,city_4
person_1035,35,city_0
person_1036,36,city_1
person_1037,37,city_2
person_1038,38,city_3
person_1039,39,city_4
person_1040,40,city_0
person_1041,41,city_1
person_1042,42,city_2
person_1043,43,city_3
person_1044,44,city_4
person_1045,45,city_0
person_1046,46,city_1
person_1047,47,city_2
person_1048,48,city_3
person_1049,49,city_4
person_1050,20,city_0
person_1051,21,city_1
person_1052,22,city_2
person_1053,23,city_3
person_1054,24,city_4
person_1055,25,city_0
person_1056,26,city_1
person_1057,27,city_2
person_1058,28,city_3
person_1059,29,city_4
person_1060,30,city_0
person_1061,31,city_1
person_1062,32,city_2
person_1063,33,city_3
person_1064,34,city_4
person_1065,35,city_0
person_1066,36,city_1
person_1067,37,city_2
person_1068,38,city_3
person_1069,39,city_4
person_1070,40,city_0
person_1071,41,city_1
person_1072,42,city_2
person_1073,43,city_3
person_1074,44,city_4
person_1075,45,city_0
person_1076,46,city_1
person_1077,47,city_2
person_1078,48,city_3
person_1079,49,city_4
person_1080,20,city_0
person_1081,21,city_1
person_1082,22,city_2
person_1083,23,city_3
person_1084,24,city_4
person_1085,25,city_0
person_1086,26,city_1
person_1087,27,city_2
person_1088,28,city_3
person_1089,29,city_4
person_1090,30,city_0
person_1091,31,city_1
person_1092,32,city_2
person_1093,33,city_3
person_1094,34,city_4
person_1095,35,city_0
person_1096,36,city_1
person_1097,37,city_2
person_1098,38,city_3
person_1099,39,city_4
person_1100,40,city_0
person_1101,41,city_1
person_1102,42,city_2
person_1103,43,city_3
person_1104,44,city_4
person_1105,45,city_0
person_1106,46,city_1
person_1107,47,city_2
person_1108,48,city_3
person_1109,49,city_4
person_1110,20,city_0
person_1111,21,city_1
person_1112,22,city_2
person_1113,23,city_3
person_1114,24,city_4
person_1115,25,city_0
person_1116,26,city_1
person_1117,27,city_2
person_1118,28,city_3
person_1119,29,city_4
person_1120,30,city_0
person_1121,31,city_1
person_1122,32,city_2
person_1123,33,city_3
person_1124,34,city_4
person_1125,35,city_0
person_1126,36,city_1
person_1127,37,city_2
person_1128,38,city_3
person_1129,39,city_4
person_1130,40,city_0
person_1131,41,city_1
person_1132,42,city_2
person_1133,43,city_3
person_1134,44,city_4
person_1135,45,city_0
person_1136,46,city_1
person_1137,47,city_2
person_1138,48,city_3
person_1139,49,city_4
person_1140,20,city_0
person_1141,21,city_1
person_1142,22,city_2
person_1143,23,city_3
person_1144,24,city_4
person_1145,25,city_0
person_1146,26,city_1
person_1147,27,city_2
person_1148,28,city_3
person_1149,29,city_4
person_1150,30,city_0
person_1151,31,city_1
person_1152,32,city_2
person_1153,33,city_3
person_1154,34,city_4
person_1155,35,city_0
person_1156,36,city_1
person_1157,37,city_2
person_1158,38,city_3
person_1159,39,city_4
person_1160,40,city_0
person_1161,41,city_1
person_1162,42,city_2
person_1163,43,city_3
person_1164,44,city_4
person_1165,45,city_0
person_1166,46,city_1
person_1167,47,city_2
person_1168,48,city_3
person_1169,49,city_4
person_1170,20,city_0
person_1171,21,city_1
person_1172,22,city_2
person_1173,23,city_3
person_1174,24,city_4
person_1175,25,city_0
person_1176,26,city_1
person_1177,27,city_2
person_1178,28,city_3
person_1179,29,city_4
person_1180,30,city_0
person_1181,31,city_1
person_1182,32,city_2
person_1183,33,city_3
person_1184,34,city_4
person_1185,35,city_0
person_1186,36,city_1
person_1187,37,city_2
person_1188,38,city_3
person_1189,39,city_4
person_1190,40,city_0
person_1191,41,city_1
person_1192,42,city_2
person_1193,43,city_3
person_1194,44,city_4
person_1195,45,city_0
person_1196,46,city_1
person_1197,47,city_2
person_1198,48,city_3
person_1199,49,city_4
person_1200,20,city_0
person_1201,21,city_1
person_1202,22,city_2
person_1203,23,city_3
person_1204,24,city_4
person_1205,25,city_0
person_1206,26,city_1
person_1207,27,city_2
person_1208,28,city_3
person_1209,29,city_4
person_1210,30,city_0
person_1211,31,city_1
person_1212,32,city_2
person_1213,33,city_3
person_1214,34,city_4
person_1215,35,city_0
person_1216,36,city_1
person_1217,37,city_2
person_1218,38,city_3
person_1219,39,city_4
person_1220,40,city_0
person_1221,41,city_1
person_1222,42,city_2
person_1223,43,city_3
person_1224,44,city_4
person_1225,45,city_0
person_1226,46,city_1
person_1227,47,city_2
person_1228,48,city_3
person_1229,49,city_4
person_1230,20,city_0
person_1231,21,city_1
person_1232,22,city_2
person_1233,23,city_3
person_1234,24,city_4
person_1235,25,city_0
person_1236,26,city_1
person_1237,27,city_2
person_1238,28,city_3
person_1239,29,city_4
person_1240,30,city_0
person_1241,31,city_1
person_1242,32,city_2
person_1243,33,city_3
person_1244,34,city_4
person_1245,35,city_0
person_1246,36,city_1
person_1247,37,city_2
person_1248,38,city_3
person_1249,39,city_4
person_1250,40,city_0
person_1251,41,city_1
person_1252,42,city_2
person_1253,43,city_3
person_1254,44,city_4
person_1255,45,city_0
person_1256,46,city_1
person_1257,47,city_2
person_1258,48,city_3
person_1259,49,city_4
person_1260,20,city_0
person_1261,21,city_1
person_1262,22,city_2
person_1263,23,city_3
person_1264,24,city_4
person_1265,25,city_0
person_1266,26,city_1
person_1267,27,city_2
person_1268,28,city_3
person_1269,29,city_4
person_1270,30,city_0
person_1271,31,city_1
person_1272,32,city_2
person_1273,33,city_3
person_1274,34,city_4
person_1275,35,city_0
person_1276,36,city_1
person_1277,37,city_2
person_1278,38,city_3
person_1279,39,city_4
person_1280,40,city_0
person_1281,41,city_1
person_1282,42,city_2
person_1283,43,city_3
person_1284,44,city_4
person_1285,45,city_0
person_1286,46,city_1
person_1287,47,city_2
person_1288,48,city_3
person_1289,49,city_4
person_1290,20,city_0
person_1291,21,city_1
person_1292,22,city_2
person_1293,23,city_3
person_1294,24,city_4
person_1295,25,city_0
person_1296,26,city_1
person_1297,27,city_2
person_1298,28,city_3
person_1299,29,city_4
person_1300,30,city_0
person_1301,31,city_1
person_1302,32,city_2
person_1303,33,city_3
person_1304,34,city_4
person_1305,35,city_0
person_1306,36,city_1
person_1307,37,city_2
person_1308,38,city_3
person_1309,39,city_4
person_1310,40,city_0
person_1311,41,city_1
person_1312,42,city_2
person_1313,43,city_3
person_1314,44,city_4
person_1315,45,city_0
person_1316,46,city_1
person_1317,47,city_2
person_1318,48,city_3
person_1319,49,city_4
person_1320,20,city_0
person_1321,21,city_1
person_1322,22,city_2
person_1323,23,city_3
person_1324,24,city_4
person_1325,25,city_0
person_1326,26,city_1
person_1327,27,city_2
person_1328,28,city_3
person_1329,29,city_4
person_1330,30,city_0
person_1331,31,city_1
person_1332,32,city_2
person_1333,33,city_3
person_1334,34,city_4
person_1335,35,city_0
person_1336,36,city_1
person_1337,37,city_2
person_1338,38,city_3
person_1339,39,city_4
person_1340,40,city_0
person_1341,41,city_1
person_1342,42,city_2
person_1343,43,city_3
person_1344,44,city_4
person_1345,45,city_0
person_1346,46,city_1
person_1347,47,city_2
person_1348,48,city_3
person_1349,49,city_4
person_1350,20,city_0
person_1351,21,city_1
person_1352,22,city_2
person_1353,23,city_3
person_1354,24,city_4
person_1355,25,city_0
person_1356,26,city_1
person_1357,27,city_2
person_1358,28,city_3
person_1359,29,city_4
person_1360,30,city_0
person_1361,31,city_1
person_1362,32,city_2
person_1363,33,city_3
person_1364,34,city_4
person_1365,35,city_0
person_1366,36,city_1
person_1367,37,city_2
person_1368,38,city_3
person_1369,39,city_4
person_1370,40,city_0
person_1371,41,city_1
person_1372,42,city_2
person_1373,43,city_3
person_1374,44,city_4
person_1375,45,city_0
person_1376,46,city_1
person_1377,47,city_2
person_1378,48,city_3
person_1379,49,city_4
person_1380,20,city_0
person_1381,21,city_1
person_1382,22,city_2
person_1383,23,city_3
person_1384,24,city_4
person_1385,25,city_0
person_1386,26,city_1
person_1387,27,city_2
person_1388,28,city_3
person_1389,29,city_4
person_1390,30,city_0
person_1391,31,city_1
person_1392,32,city_2
person_1393,33,city_3
person_1394,34,city_4
person_1395,35,city_0
person_1396,36,city_1
person_1397,37,city_2
person_1398,38,city_3
person_1399,39,city_4
person_1400,40,city_0
person_1401,41,city_1
person_1402,42,city_2
person_1403,43,city_3
person_1404,44,city_4
person_1405,45,city_0
person_1406,46,city_1
person_1407,47,city_2
person_1408,48,city_3
person_1409,49,city_4
person_1410,20,city_0
person_1411,21,city_1
person_1412,22,city_2
person_1413,23,city_3
person_1414,24,city_4
person_1415,25,city_0
person_1416,26,city_1
person_1417,27,city_2
person_1418,28,city_3
person_1419,29,city_4
person_1420,30,city_0
person_1421,31,city_1
person_1422,32,city_2
person_1423,33,city_3
person_1424,34,city_4
person_1425,35,city_0
person_1426,36,city_1
person_1427,37,city_2
person_1428,38,city_3
person_1429,39,city_4
person_1430,40,city_0
person_1431,41,city_1
person_1432,42,city_2
person_1433,43,city_3
person_1434,44,city_4
person_1435,45,city_0
person_1436,46,city_1
person_1437,47,city_2
person_1438,48,city_3
person_1439,49,city_4
person_1440,20,city_0
person_1441,21,city_1
person_1442,22,city_2
person_1443,23,city_3
person_1444,24,city_4
person_1445,25,city_0
person_1446,26,city_1
person_1447,27,city_2
person_1448,28,city_3
person_1449,29,city_4
person_1450,30,city_0
person_1451,31,city_1
person_1452,32,city_2
person_1453,33,city_3
person_1454,34,city_4
person_1455,35,city_0
person_1456,36,city_1
person_1457,37,city_2
person_1458,38,city_3
person_1459,39,city_4
person_1460,40,city_0
person_1461,41,city_1
person_1462,42,city_2
person_1463,43,city_3
person_1464,44,city_4
person_1465,45,city_0
person_1466,46,city_1
person_1467,47,city_2
person_1468,48,city_3
person_1469,49,city_4
person_1470,20,city_0
person_1471,21,city_1
person_1472,22,city_2
person_1473,23,city_3
person_1474,24,city_4
person_1475,25,city_0
person_1476,26,city_1
person_1477,27,city_2
person_1478,28,city_3
person_1479,29,city_4
person_1480,30,city_0
person_1481,31,city_1
person_1482,32,city_2
person_1483,33,city_3
person_1484,34,city_4
person_1485,35,city_0
person_1486,36,city_1
person_1487,37,city_2
person_1488,38,city_3
person_1489,39,city_4
person_1490,40,city_0
person_1491,41,city_1
person_1492,42,city_2
person_1493,43,city_3
person_1494,44,city_4
person_1495,45,city_0
person_1496,46,city_1
person_1497,47,city_2
person_1498,48,city_3
person_1499,49,city_4
person_1500,20,city_0
person_1501,21,city_1
person_1502,22,city_2
person_1503,23,city_3
person_1504,24,city_4
person_1505,25,city_0
person_1506,26,city_1
person_1507,27,city_2
person_1508,28,city_3
person_1509,29,city_4
person_1510,30,city_0
person_1511,31,city_1
person_1512,32,city_2
person_1513,33,city_3
person_1514,34,city_4
person_1515,35,city_0
person_1516,36,city_1
person_1517,37,city_2
person_1518,38,city_3
person_1519,39,city_4
person_1520,40,city_0
person_1521,41,city_1
person_1522,42,city_2
person_1523,43,city_3
person_1524,44,city_4
person_1525,45,city_0
person_1526,46,city_1
person_1527,47,city_2
person_1528,48,city_3
person_1529,49,city_4
person_1530,20,city_0
person_1531,21,city_1
person_1532,22,city_2
person_1533,23,city_3
person_1534,24,city_4
person_1535,25,city_0
person_1536,26,city_1
person_1537,27,city_2
person_1538,28,city_3
person_1539,29,city_4
person_1540,30,city_0
person_1541,31,city_1
person_1542,32,city_2
person_1543,33,city_3
person_1544,34,city_4
person_1545,35,city_0
person_1546,36,city_1
person_1547,37,city_2
person_1548,38,city_3
person_1549,39,city_4
person_1550,40,city_0
person_1551,41,city_1
person_1552,42,city_2
person_1553,43,city_3
person_1554,44,city_4
person_1555,45,city_0
person_1556,46,city_1
person_1557,47,city_2
person_1558,48,city_3
person_1559,49,city_4
person_1560,20,city_0
person_1561,21,city_1
person_1562,22,city_2
person_1563,23,city_3
person_1564,24,city_4
person_1565,25,city_0
person_1566,26,city_1
person_1567,27,city_2
person_1568,28,city_3
person_1569,29,city_4
person_1570,30,city_0
person_1571,31,city_1
person_1572,32,city_2
person_1573,33,city_3
person_1574,34,city_4
person_1575,35,city_0
person_1576,36,city_1
person_1577,37,city_2
person_1578,38,city_3
person_1579,39,city_4
person_1580,40,city_0
person_1581,41,city_1
person_1582,42,city_2
person_1583,43,city_3
person_1584,44,city_4
person_1585,45,city_0
person_1586,46,city_1
person_1587,47,city_2
person_1588,48,city_3
person_1589,49,city_4
person_1590,20,city_0
person_1591,21,city_1
person_1592,22,city_2
person_1593,23,city_3
person_1594,24,city_4
person_1595,25,city_0
person_1596,26,city_1
person_1597,27,city_2
person_1598,28,city_3
person_1599,29,city_4
person_1600,30,city_0
person_1601,31,city_1
person_1602,32,city_2
person_1603,33,city_3
person_1604,34,city_4
person_1605,35,city_0
person_1606,36,city_1
person_1607,37,city_2
person_1608,38,city_3
person_1609,39,city_4
person_1610,40,city_0
person_1611,41,city_1
person_1612,42,city_2
person_1613,43,city_3
person_1614,44,city_4
person_1615,45,city_0
person_1616,46,city_1
person_1617,47,city_2
person_1618,48,city_3
person_1619,49,city_4
person_1620,20,city_0
person_1621,21,city_1
person_1622,22,city_2
person_1623,23,city_3
person_1624,24,city_4
person_1625,25,city_0
person_1626,26,city_1
person_1627,27,city_2
person_1628,28,city_3
person_1629,29,city_4
person_1630,30,city_0
person_1631,31,city_1
person_1632,32,city_2
person_1633,33,city_3
person_1634,34,city_4
person_1635,35,city_0
person_1636,36,city_1
person_1637,37,city_2
person_1638,38,city_3
person_1639,39,city_4
person_1640,40,city_0
person_1641,41,city_1
person_1642,42,city_2
person_1643,43,city_3
person_1644,44,city_4
person_1645,45,city_0
person_1646,46,city_1
person_1647,47,city_2
person_1648,48,city_3
person_1649,49,city_4
person_1650,20,city_0
person_1651,21,city_1
person_1652,22,city_2
person_1653,23,city_3
person_1654,24,city_4
person_1655,25,city_0
person_1656,26,city_1
person_1657,27,city_2
person_1658,28,city_3
person_1659,29,city_4
person_1660,30,city_0
person_1661,31,city_1
person_1662,32,city_2
person_1663,33,city_3
person_1664,34,city_4
person_1665,35,city_0
person_1666,36,city_1
person_1667,37,city_2
person_1668,38,city_3
person_1669,39,city_4
person_1670,40,city_0
person_1671,41,city_1
person_1672,42,city_2
person_1673,43,city_3
person_1674,44,city_4
person_1675,45,city_0
person_1676,46,city_1
person_1677,47,city_2
person_1678,48,city_3
person_1679,49,city_4
person_1680,20,city_0
person_1681,21,city_1
person_1682,22,city_2
person_1683,23,city_3
person_1684,24,city_4
person_1685,25,city_0
person_1686,26,city_1
person_1687,27,city_2
person_1688,28,city_3
person_1689,29,city_4
person_1690,30,city_0
person_1691,31,city_1
person_1692,32,city_2
person_1693,33,city_3
person_1694,34,city_4
person_1695,35,city_0
person_1696,36,city_1
person_1697,37,city_2
person_1698,38,city_3
person_1699,39,city_4
person_1700,40,city_0
person_1701,41,city_1
person_1702,42,city_2
person_1703,43,city_3
person_1704,44,city_4
person_1705,45,city_0
person_1706,46,city_1
person_1707,47,city_2
person_1708,48,city_3
person_1709,49,city_4
person_1710,20,city_0
person_1711,21,city_1
person_1712,22,city_2
person_1713,23,city_3
person_1714,24,city_4
person_1715,25,city_0
person_1716,26,city_1
person_1717,27,city_2
person_1718,28,city_3
person_1719,29,city_4
person_1720,30,city_0
person_1721,31,city_1
person_1722,32,city_2
person_1723,33,city_3
person_1724,34,city_4
person_1725,35,city_0
person_1726,36,city_1
person_1727,37,city_2
person_1728,38,city_3
person_1729,39,city_4
person_1730,40,city_0
person_1731,41,city_1
person_1732,42,city_2
person_1733,43,city_3
person_1734,44,city_4
person_1735,45,city_0
person_1736,46,city_1
person_1737,47,city_2
person_1738,48,city_3
person_1739,49,city_4
person_1740,20,city_0
person_1741,21,city_1
person_1742,22,city_2
person_1743,23,city_3
person_1744,24,city_4
person_1745,25,city_0
person_1746,26,city_1
person_1747,27,city_2
person_1748,28,city_3
person_1749,29,city_4
person_1750,30,city_0
person_1751,31,city_1
person_1752,32,city_2
person_1753,33,city_3
person_1754,34,city_4
person_1755,35,city_0
person_1756,36,city_1
person_1757,37,city_2
person_1758,38,city_3
person_1759,39,city_4
person_1760,40,city_0
person_1761,41,city_1
person_1762,42,city_2
person_1763,43,city_3
person_1764,44,city_4
person_1765,45,city_0
person_1766,46,city_1
person_1767,47,city_2
person_1768,48,city_3
person_1769,49,city_4
person_1770,20,city_0
person_1771,21,city_1
person_1772,22,city_2
person_1773,23,city_3
person_1774,24,city_4
person_1775,25,city_0
person_1776,26,city_1
person_1777,27,city_2
person_1778,28,city_3
person_1779,29,city_4
person_1780,30,city_0
person_1781,31,city_1
person_1782,32,city_2
person_1783,33,city_3
person_1784,34,city_4
person_1785,35,city_0
person_1786,36,city_1
person_1787,37,city_2
person_1788,38,city_3
person_1789,39,city_4
person_1790,40,city_0
person_1791,41,city_1
person_1792,42,city_2
person_1793,43,city_3
person_1794,44,city_4
person_1795,45,city_0
person_1796,46,city_1
person_1797,47,city_2
person_1798,48,city_3
person_1799,49,city_4
person_1800,20,city_0
person_1801,21,city_1
person_1802,22,city_2
person_1803,23,city_3
person_1804,24,city_4
person_1805,25,city_0
person_1806,26,city_1
person_1807,27,city_2
person_1808,28,city_3
person_1809,29,city_4
person_1810,30,city_0
person_1811,31,city_1
person_1812,32,city_2
person_1813,33,city_3
person_1814,34,city_4
person_1815,35,city_0
person_1816,36,city_1
person_1817,37,city_2
person_1818,38,city_3
person_1819,39,city_4
person_1820,40,city_0
person_1821,41,city_1
person_1822,42,city_2
person_1823,43,city_3
person_1824,44,city_4
person_1825,45,city_0
person_1826,46,city_1
person_1827,47,city_2
person_1828,48,city_3
person_1829,49,city_4
person_1830,20,city_0
person_1831,21,city_1
person_1832,22,city_2
person_1833,23,city_3
person_1834,24,city_4
person_1835,25,city_0
person_1836,26,city_1
person_1837,27,city_2
person_1838,28,city_3
person_1839,29,city_4
person_1840,30,city_0
person_1841,31,city_1
person_1842,32,city_2
person_1843,33,city_3
person_1844,34,city_4
person_1845,35,city_0
person_1846,36,city_1
person_1847,37,city_2
person_1848,38,city_3
person_1849,39,city_4
person_1850,40,city_0
person_1851,41,city_1
person_1852,42,city_2
person_1853,43,city_3
person_1854,44,city_4
person_1855,45,city_0
person_1856,46,city_1
person_1857,47,city_2
person_1858,48,city_3
person_1859,49,city_4
person_1860,20,city_0
person_1861,21,city_1
person_1862,22,city_2
person_1863,23,city_3
person_1864,24,city_4
person_1865,25,city_0
person_1866,26,city_1
person_1867,27,city_2
person_1868,28,city_3
person_1869,29,city_4
person_1870,30,city_0
person_1871,31,city_1
person_1872,32,city_2
person_1873,33,city_3
person_1874,34,city_4
person_1875,35,city_0
person_1876,36,city_1
person_1877,37,city_2
person_1878,38,city_3
person_1879,39,city_4
person_1880,40,city_0
person_1881,41,city_1
person_1882,42,city_2
person_1883,43,city_3
person_1884,44,city_4
person_1885,45,city_0
person_1886,46,city_1
person_1887,47,city_2
person_1888,48,city_3
person_1889,49,city_4
person_1890,20,city_0
person_1891,21,city_1
person_1892,22,city_2
person_1893,23,city_3
person_1894,24,city_4
person_1895,25,city_0
person_1896,26,city_1
person_1897,27,city_2
person_1898,28,city_3
person_1899,29,city_4
person_1900,30,city_0
person_1901,31,city_1
person_1902,32,city_2
person_1903,33,city_3
person_1904,34,city_4
person_1905,35,city_0
person_1906,36,city_1
person_1907,37,city_2
person_1908,38,city_3
person_1909,39,city_4
person_1910,40,city_0
person_1911,41,city_1
person_1912,42,city_2
person_1913,43,city_3
person_1914,44,city_4
person_1915,45,city_0
person_1916,46,city_1
person_1917,47,city_2
person_1918,48,city_3
person_1919,49,city_4
person_1920,20,city_0
person_1921,21,city_1
person_1922,22,city_2
person_1923,23,city_3
person_1924,24,city_4
person_1925,25,city_0
person_1926,26,city_1
person_1927,27,city_2
person_1928,28,city_3
person_1929,29,city_4
person_1930,30,city_0
person_1931,31,city_1
person_1932,32,city_2
person_1933,33,city_3
person_1934,34,city_4
person_1935,35,city_0
person_1936,36,city_1
person_1937,37,city_2
person_1938,38,city_3
person_1939,39,city_4
person_1940,40,city_0
person_1941,41,city_1
person_1942,42,city_2
person_1943,43,city_3
person_1944,44,city_4
person_1945,45,city_0
person_1946,46,city_1
person_1947,47,city_2
person_1948,48,city_3
person_1949,49,city_4
person_1950,20,city_0
person_1951,21,city_1
person_1952,22,city_2
person_1953,23,city_3
person_1954,24,city_4
person_1955,25,city_0
person_1956,26,city_1
person_1957,27,city_2
person_1958,28,city_3
person_1959,29,city_4
person_1960,30,city_0
person_1961,31,city_1
person_1962,32,city_2
person_1963,33,city_3
person_1964,34,city_4
person_1965,35,city_0
person_1966,36,city_1
person_1967,37,city_2
person_1968,38,city_3
person_1969,39,city_4
person_1970,40,city_0
person_1971,41,city_1
person_1972,42,city_2
person_1973,43,city_3
person_1974,44,city_4
person_1975,45,city_0
person_1976,46,city_1
person_1977,47,city_2
person_1978,48,city_3
person_1979,49,city_4
person_1980,20,city_0
person_1981,21,city_1
person_1982,22,city_2
person_1983,23,city_3
person_1984,24,city_4
person_1985,25,city_0
person_1986,26,city_1
person_1987,27,city_2
person_1988,28,city_3
person_1989,29,city_4
person_1990,30,city_0
person_1991,31,city_1
person_1992,32,city_2
person_1993,33,city_3
person_1994,34,city_4
person_1995,35,city_0
person_1996,36,city_1
person_1997,37,city_2
person_1998,38,city_3
person_1999,39,city_4
person_2000,40,city_0
person_2001,41,city_1
person_2002,42,city_2
person_2003,43,city_3
person_2004,44,city_4
person_2005,45,city_0
person_2006,46,city_1
person_2007,47,city_2
person_2008,48,city_3
person_2009,49,city_4
person_2010,20,city_0
person_2011,21,city_1
person_2012,22,city_2
person_2013,23,city_3
person_2014,24,city_4
person_2015,25,city_0
person_2016,26,city_1
person_2017,27,city_2
person_2018,28,city_3
person_2019,29,city_4
person_2020,30,city_0
person_2021,31,city_1
person_2022,32,city_2
person_2023,33,city_3
person_2024,34,city_4
person_2025,35,city_0
person_2026,36,city_1
person_2027,37,city_2
person_2028,38,city_3
person_2029,39,city_4
person_2030,40,city_0
person_2031,41,city_1
person_2032,42,city_2
person_2033,43,city_3
person_2034,44,city_4
person_2035,45,city_0
person_2036,46,city_1
person_2037,47,city_2
person_2038,48,city_3
person_2039,49,city_4
person_2040,20,city_0
person_2041,21,city_1
person_2042,22,city_2
person_2043,23,city_3
person_2044,24,city_4
person_2045,25,city_0
person_2046,26,city_1
person_2047,27,city_2
person_2048,28,city_3
person_2049,29,city_4
person_2050,30,city_0
person_2051,31,city_1
person_2052,32,city_2
person_2053,33,city_3
person_2054,34,city_4
person_2055,35,city_0
person_2056,36,city_1
person_2057,37,city_2
person_2058,38,city_3
person_2059,39,city_4
person_2060,40,city_0
person_2061,41,city_1
person_2062,42,city_2
person_2063,43,city_3
person_2064,44,city_4
person_2065,45,city_0
person_2066,46,city_1
person_2067,47,city_2
person_2068,48,city_3
person_2069,49,city_4
person_2070,20,city_0
person_2071,21,city_1
person_2072,22,city_2
person_2073,23,city_3
person_2074,24,city_4
person_2075,25,city_0
person_2076,26,city_1
person_2077,27,city_2
person_2078,28,city_3
person_2079,29,city_4
person_2080,30,city_0
person_2081,31,city_1
person_2082,32,city_2
person_2083,33,city_3
person_2084,34,city_4
person_2085,35,city_0
person_2086,36,city_1
person_2087,37,city_2
person_2088,38,city_3
person_2089,39,city_4
person_2090,40,city_0
person_2091,41,city_1
person_2092,42,city_2
person_2093,43,city_3
person_2094,44,city_4
person_2095,45,city_0
person_2096,46,city_1
person_2097,47,city_2
person_2098,48,city_3
person_2099,49,city_4
person_2100,20,city_0
person_2101,21,city_1
person_2102,22,city_2
person_2103,23,city_3
person_2104,24,city_4
person_2105,25,city_0
person_2106,26,city_1
person_2107,27,city_2
person_2108,28,city_3
person_2109,29,city_4
person_2110,30,city_0
person_2111,31,city_1
person_2112,32,city_2
person_2113,33,city_3
person_2114,34,city_4
person_2115,35,city_0
person_2116,36,city_1
person_2117,37,city_2
person_2118,38,city_3
person_2119,39,city_4
person_2120,40,city_0
person_2121,41,city_1
person_2122,42,city_2
person_2123,43,city_3
person_2124,44,city_4
person_2125,45,city_0
person_2126,46,city_1
person_2127,47,city_2
person_2128,48,city_3
person_2129,49,city_4
person_2130,20,city_0
person_2131,21,city_1
person_2132,22,city_2
person_2133,23,city_3
person_2134,24,city_4
person_2135,25,city_0
person_2136,26,city_1
person_2137,27,city_2
person_2138,28,city_3
person_2139,29,city_4
person_2140,30,city_0
person_2141,31,city_1
person_2142,32,city_2
person_2143,33,city_3
person_2144,34,city_4
person_2145,35,city_0
person_2146,36,city_1
person_2147,37,city_2
person_2148,38,city_3
person_2149,39,city_4
person_2150,40,city_0
person_2151,41,city_1
person_2152,42,city_2
person_2153,43,city_3
person_2154,44,city_4
person_2155,45,city_0
person_2156,46,city_1
person_2157,47,city_2
person_2158,48,city_3
person_2159,49,city_4
person_2160,20,city_0
person_2161,21,city_1
person_2162,22,city_2
person_2163,23,city_3
person_2164,24,city_4
person_2165,25,city_0
person_2166,26,city_1
person_2167,27,city_2
person_2168,28,city_3
person_2169,29,city_4
person_2170,30,city_0
person_2171,31,city_1
person_2172,32,city_2
person_2173,33,city_3
person_2174,34,city_4
person_2175,35,city_0
person_2176,36,city_1
person_2177,37,city_2
person_2178,38,city_3
person_2179,39,city_4
person_2180,40,city_0
person_2181,41,city_1
person_2182,42,city_2
person_2183,43,city_3
person_2184,44,city_4
person_2185,45,city_0
person_2186,46,city_1
person_2187,47,city_2
person_2188,48,city_3
person_2189,49,city_4
person_2190,20,city_0
person_2191,21,city_1
person_2192,22,city_2
person_2193,23,city_3
person_2194,24,city_4
person_2195,25,city_0
person_2196,26,city_1
person_2197,27,city_2
person_2198,28,city_3
person_2199,29,city_4
person_2200,30,city_0
person_2201,31,city_1
person_2202,32,city_2
person_2203,33,city_3
person_2204,34,city_4
person_2205,35,city_0
person_2206,36,city_1
person_2207,37,city_2
person_2208,38,city_3
person_2209,39,city_4
person_2210,40,city_0
person_2211,41,city_1
person_2212,42,city_2
person_2213,43,city_3
person_2214,44,city_4
person_2215,45,city_0
person_2216,46,city_1
person_2217,47,city_2
person_2218,48,city_3
person_2219,49,city_4
person_2220,20,city_0
person_2221,21,city_1
person_2222,22,city_2
person_2223,23,city_3
person_2224,24,city_4
person_2225,25,city_0
person_2226,26,city_1
person_2227,27,city_2
person_2228,28,city_3
person_2229,29,city_4
person_2230,30,city_0
person_2231,31,city_1
person_2232,32,city_2
person_2233,33,city_3
person_2234,34,city_4
person_2235,35,city_0
person_2236,36,city_1
person_2237,37,city_2
person_2238,38,city_3
person_2239,39,city_4
person_2240,40,city_0
person_2241,41,city_1
person_2242,42,city_2
person_2243,43,city_3
person_2244,44,city_4
person_2245,45,city_0
person_2246,46,city_1
person_2247,47,city_2
person_2248,48,city_3
person_2249,49,city_4
person_2250,20,city_0
person_2251,21,city_1
person_2252,22,city_2
person_2253,23,city_3
person_2254,24,city_4
person_2255,25,city_0
person_2256,26,city_1
person_2257,27,city_2
person_2258,28,city_3
person_2259,29,city_4
person_2260,30,city_0
person_2261,31,city_1
person_2262,32,city_2
person_2263,33,city_3
person_2264,34,city_4
person_2265,35,city_0
person_2266,36,city_1
person_2267,37,city_2
person_2268,38,city_3
person_2269,39,city_4
person_2270,40,city_0
person_2271,41,city_1
person_2272,42,city_2
person_2273,43,city_3
person_2274,44,city_4
person_2275,45,city_0
person_2276,46,city_1
person_2277,47,city_2
person_2278,48,city_3
person_2279,49,city_4
person_2280,20,city_0
person_2281,21,city_1
person_2282,22,city_2
person_2283,23,city_3
person_2284,24,city_4
person_2285,25,city_0
person_2286,26,city_1
person_2287,27,city_2
person_2288,28,city_3
person_2289,29,city_4
person_2290,30,city_0
person_2291,31,city_1
person_2292,32,city_2
person_2293,33,city_3
person_2294,34,city_4
person_2295,35,city_0
person_2296,36,city_1
person_2297,37,city_2
person_2298,38,city_3
person_2299,39,city_4
person_2300,40,city_0
person_2301,41,city_1
person_2302,42,city_2
person_2303,43,city_3
person_2304,44,city_4
person_2305,45,city_0
person_2306,46,city_1
person_2307,47,city_2
person_2308,48,city_3
person_2309,49,city_4
person_2310,20,city_0
person_2311,21,city_1
person_2312,22,city_2
person_2313,23,city_3
person_2314,24,city_4
person_2315,25,city_0
person_2316,26,city_1
person_2317,27,city_2
person_2318,28,city_3
person_2319,29,city_4
person_2320,30,city_0
person_2321,31,city_1
person_2322,32,city_2
person_2323,33,city_3
person_2324,34,city_4
person_2325,35,city_0
person_2326,36,city_1
person_2327,37,city_2
person_2328,38,city_3
person_2329,39,city_4
person_2330,40,city_0
person_2331,41,city_1
person_2332,42,city_2
person_2333,43,city_3
person_2334,44,city_4
person_2335,45,city_0
person_2336,46,city_1
person_2337,47,city_2
person_2338,48,city_3
person_2339,49,city_4
person_2340,20,city_0
person_2341,21,city_1
person_2342,22,city_2
person_2343,23,city_3
person_2344,24,city_4
person_2345,25,city_0
person_2346,26,city_1
person_2347,27,city_2
person_2348,28,city_3
person_2349,29,city_4
person_2350,30,city_0
person_2351,31,city_1
person_2352,32,city_2
person_2353,33,city_3
person_2354,34,city_4
person_2355,35,city_0
person_2356,36,city_1
person_2357,37,city_2
person_2358,38,city_3
person_2359,39,city_4
person_2360,40,city_0
person_2361,41,city_1
person_2362,42,city_2
person_2363,43,city_3
person_2364,44,city_4
person_2365,45,city_0
person_2366,46,city_1
person_2367,47,city_2
person_2368,48,city_3
person_2369,49,city_4
person_2370,20,city_0
person_2371,21,city_1
person_2372,22,city_2
person_2373,23,city_3
person_2374,24,city_4
person_2375,25,city_0
person_2376,26,city_1
person_2377,27,city_2
person_2378,28,city_3
person_2379,29,city_4
person_2380,30,city_0
person_2381,31,city_1
person_2382,32,city_2
person_2383,33,city_3
person_2384,34,city_4
person_2385,35,city_0
person_2386,36,city_1
person_2387,37,city_2
person_2388,38,city_3
person_2389,39,city_4
person_2390,40,city_0
person_2391,41,city_1
person_2392,42,city_2
person_2393,43,city_3
person_2394,44,city_4
person_2395,45,city_0
person_2396,46,city_1
person_2397,47,city_2
person_2398,48,city_3
person_2399,49,city_4
person_2400,20,city_0
person_2401,21,city_1
person_2402,22,city_2
person_2403,23,city_3
person_2404,24,city_4
person_2405,25,city_0
person_2406,26,city_1
person_2407,27,city_2
person_2408,28,city_3
person_2409,29,city_4
person_2410,30,city_0
person_2411,31,city_1
person_2412,32,city_2
person_2413,33,city_3
person_2414,34,city_4
person_2415,35,city_0
person_2416,36,city_1
person_2417,37,city_2
person_2418,38,city_3
person_2419,39,city_4
person_2420,40,city_0
person_2421,41,city_1
person_2422,42,city_2
person_2423,43,city_3
person_2424,44,city_4
person_2425,45,city_0
person_2426,46,city_1
person_2427,47,city_2
person_2428,48,city_3
person_2429,49,city_4
person_2430,20,city_0
person_2431,21,city_1
person_2432,22,city_2
person_2433,23,city_3
person_2434,24,city_4
person_2435,25,city_0
person_2436,26,city_1
person_2437,27,city_2
person_2438,28,city_3
person_2439,29,city_4
person_2440,30,city_0
person_2441,31,city_1
person_2442,32,city_2
person_2443,33,city_3
person_2444,34,city_4
person_2445,35,city_0
person_2446,36,city_1
person_2447,37,city_2
person_2448,38,city_3
person_2449,39,city_4
person_2450,40,city_0
person_2451,41,city_1
person_2452,42,city_2
person_2453,43,city_3
person_2454,44,city_4
person_2455,45,city_0
person_2456,46,city_1
person_2457,47,city_2
person_2458,48,city_3
person_2459,49,city_4
person_2460,20,city_0
person_2461,21,city_1
person_2462,22,city_2
person_2463,23,city_3
person_2464,24,city_4
person_2465,25,city_0
person_2466,26,city_1
person_2467,27,city_2
person_2468,28,city_3
person_2469,29,city_4
person_2470,30,city_0
person_2471,31,city_1
person_2472,32,city_2
person_2473,33,city_3
person_2474,34,city_4
person_2475,35,city_0
person_2476,36,city_1
person_2477,37,city_2
person_2478,38,city_3
person_2479,39,city_4
person_2480,40,city_0
person_2481,41,city_1
person_2482,42,city_2
person_2483,43,city_3
person_2484,44,city_4
person_2485,45,city_0
person_2486,46,city_1
person_2487,47,city_2
person_2488,48,city_3
person_2489,49,city_4
person_2490,20,city_0
person_2491,21,city_1
person_2492,22,city_2
person_2493,23,city_3
person_2494,24,city_4
person_2495,25,city_0
person_2496,26,city_1
person_2497,27,city_2
person_2498,28,city_3
person_2499,29,city_4
person_2500,30,city_0
person_2501,31,city_1
person_2502,32,city_2
person_2503,33,city_3
person_2504,34,city_4
person_2505,35,city_0
person_2506,36,city_1
person_2507,37,city_2
person_2508,38,city_3
person_2509,39,city_4
person_2510,40,city_0
person_2511,41,city_1
person_2512,42,city_2
person_2513,43,city_3
person_2514,44,city_4
person_2515,45,city_0
person_2516,46,city_1
person_2517,47,city_2
person_2518,48,city_3
person_2519,49,city_4
person_2520,20,city_0
person_2521,21,city_1
person_2522,22,city_2
person_2523,23,city_3
person_2524,24,city_4
person_2525,25,city_0
person_2526,26,city_1
person_2527,27,city_2
person_2528,28,city_3
person_2529,29,city_4
person_2530,30,city_0
person_2531,31,city_1
person_2532,32,city_2
person_2533,33,city_3
person_2534,34,city_4
person_2535,35,city_0
person_2536,36,city_1
person_2537,37,city_2
person_2538,38,city_3
person_2539,39,city_4
person_2540,40,city_0
person_2541,41,city_1
person_2542,42,city_2
person_2543,43,city_3
person_2544,44,city_4
person_2545,45,city_0
person_2546,46,city_1
person_2547,47,city_2
person_2548,48,city_3
person_2549,49,city_4
person_2550,20,city_0
person_2551,21,city_1
person_2552,22,city_2
person_2553,23,city_3
person_2554,24,city_4
person_2555,25,city_0
person_2556,26,city_1
person_2557,27,city_2
person_2558,28,city_3
person_2559,29,city_4
person_2560,30,city_0
person_2561,31,city_1
person_2562,32,city_2
person_2563,33,city_3
person_2564,34,city_4
person_2565,35,city_0
person_2566,36,city_1
person_2567,37,city_2
person_2568,38,city_3
person_2569,39,city_4
person_2570,40,city_0
person_2571,41,city_1
person_2572,42,city_2
person_2573,43,city_3
person_2574,44,city_4
person_2575,45,city_0
person_2576,46,city_1
person_2577,47,city_2
person_2578,48,city_3
person_2579,49,city_4
person_2580,20,city_0
person_2581,21,city_1
person_2582,22,city_2
person_2583,23,city_3
person_2584,24,city_4
person_2585,25,city_0
person_2586,26,city_1
person_2587,27,city_2
person_2588,28,city_3
person_2589,29,city_4
person_2590,30,city_0
person_2591,31,city_1
person_2592,32,city_2
person_2593,33,city_3
person_2594,34,city_4
person_2595,35,city_0
person_2596,36,city_1
person_2597,37,city_2
person_2598,38,city_3
person_2599,39,city_4
person_2600,40,city_0
person_2601,41,city_1
person_2602,42,city_2
person_2603,43,city_3
person_2604,44,city_4
person_2605,45,city_0
person_2606,46,city_1
person_2607,47,city_2
person_2608,48,city_3
person_2609,49,city_4
person_2610,20,city_0
person_2611,21,city_1
person_2612,22,city_2
person_2613,23,city_3
person_2614,24,city_4
person_2615,25,city_0
person_2616,26,city_1
person_2617,27,city_2
person_2618,28,city_3
person_2619,29,city_4
person_2620,30,city_0
person_2621,31,city_1
person_2622,32,city_2
person_2623,33,city_3
person_2624,34,city_4
person_2625,35,city_0
person_2626,36,city_1
person_2627,37,city_2
person_2628,38,city_3
person_2629,39,city_4
person_2630,40,city_0
person_2631,41,city_1
person_2632,42,city_2
person_2633,43,city_3
person_2634,44,city_4
person_2635,45,city_0
person_2636,46,city_1
person_2637,47,city_2
person_2638,48,city_3
person_2639,49,city_4
person_2640,20,city_0
person_2641,21,city_1
person_2642,22,city_2
person_2643,23,city_3
person_2644,24,city_4
person_2645,25,city_0
person_2646,26,city_1
person_2647,27,city_2
person_2648,28,city_3
person_2649,29,city_4
person_2650,30,city_0
person_2651,31,city_1
person_2652,32,city_2
person_2653,33,city_3
person_2654,34,city_4
person_2655,35,city_0
person_2656,36,city_1
person_2657,37,city_2
person_2658,38,city_3
person_2659,39,city_4
person_2660,40,city_0
person_2661,41,city_1
person_2662,42,city_2
person_2663,43,city_3
person_2664,44,city_4
person_2665,45,city_0
person_2666,46,city_1
person_2667,47,city_2
person_2668,48,city_3
person_2669,49,city_4
person_2670,20,city_0
person_2671,21,city_1
person_2672,22,city_2
person_2673,23,city_3
person_2674,24,city_4
person_2675,25,city_0
person_2676,26,city_1
person_2677,27,city_2
person_2678,28,city_3
person_2679,29,city_4
person_2680,30,city_0
person_2681,31,city_1
person_2682,32,city_2
person_2683,33,city_3
person_2684,34,city_4
person_2685,35,city_0
person_2686,36,city_1
person_2687,37,city_2
person_2688,38,city_3
person_2689,39,city_4
person_2690,40,city_0
person_2691,41,city_1
person_2692,42,city_2
person_2693,43,city_3
person_2694,44,city_4
person_2695,45,city_0
person_2696,46,city_1
person_2697,47,city_2
person_2698,48,city_3
person_2699,49,city_4
person_2700,20,city_0
person_2701,21,city_1
person_2702,22,city_2
person_2703,23,city_3
person_2704,24,city_4
person_2705,25,city_0
person_2706,26,city_1
person_2707,27,city_2
person_2708,28,city_3
person_2709,29,city_4
person_2710,30,city_0
person_2711,31,city_1
person_2712,32,city_2
person_2713,33,city_3
person_2714,34,city_4
person_2715,35,city_0
person_2716,36,city_1
person_2717,37,city_2
person_2718,38,city_3
person_2719,39,city_4
person_2720,40,city_0
person_2721,41,city_1
person_2722,42,city_2
person_2723,43,city_3
person_2724,44,city_4
person_2725,45,city_0
person_2726,46,city_1
person_2727,47,city_2
person_2728,48,city_3
person_2729,49,city_4
person_2730,20,city_0
person_2731,21,city_1
person_2732,22,city_2
person_2733,23,city_3
person_2734,24,city_4
person_2735,25,city_0
person_2736,26,city_1
person_2737,27,city_2
person_2738,28,city_3
person_2739,29,city_4
person_2740,30,city_0
person_2741,31,city_1
person_2742,32,city_2
person_2743,33,city_3
person_2744,34,city_4
person_2745,35,city_0
person_2746,36,city_1
person_2747,37,city_2
person_2748,38,city_3
person_2749,39,city_4
person_2750,40,city_0
person_2751,41,city_1
person_2752,42,city_2
person_2753,43,city_3
person_2754,44,city_4
person_2755,45,city_0
person_2756,46,city_1
person_2757,47,city_2
person_2758,48,city_3
person_2759,49,city_4
person_2760,20,city_0
person_2761,21,city_1
person_2762,22,city_2
person_2763,23,city_3
person_2764,24,city_4
person_2765,25,city_0
person_2766,26,city_1
person_2767,27,city_2
person_2768,28,city_3
person_2769,29,city_4
person_2770,30,city_0
person_2771,31,city_1
person_2772,32,city_2
person_2773,33,city_3
person_2774,34,city_4
person_2775,35,city_0
person_2776,36,city_1
person_2777,37,city_2
person_2778,38,city_3
person_2779,39,city_4
person_2780,40,city_0
person_2781,41,city_1
person_2782,42,city_2
person_2783,43,city_3
person_2784,44,city_4
person_2785,45,city_0
person_2786,46,city_1
person_2787,47,city_2
person_2788,48,city_3
person_2789,49,city_4
person_2790,20,city_0
person_2791,21,city_1
person_2792,22,city_2
person_2793,23,city_3
person_2794,24,city_4
person_2795,25,city_0
person_2796,26,city_1
person_2797,27,city_2
person_2798,28,city_3
person_2799,29,city_4
person_2800,30,city_0
person_2801,31,city_1
person_2802,32,city_2
person_2803,33,city_3
person_2804,34,city_4
person_2805,35,city_0
person_2806,36,city_1
person_2807,37,city_2
person_2808,38,city_3
person_2809,39,city_4
person_2810,40,city_0
person_2811,41,city_1
person_2812,42,city_2
person_2813,43,city_3
person_2814,44,city_4
person_2815,45,city_0
person_2816,46,city_1
person_2817,47,city_2
person_2818,48,city_3
person_2819,49,city_4
person_2820,20,city_0
person_2821,21,city_1
person_2822,22,city_2
person_2823,23,city_3
person_2824,24,city_4
person_2825,25,city_0
person_2826,26,city_1
person_2827,27,city_2
person_2828,28,city_3
person_2829,29,city_4
person_2830,30,city_0
person_2831,31,city_1
person_2832,32,city_2
person_2833,33,city_3
person_2834,34,city_4
person_2835,35,city_0
person_2836,36,city_1
person_2837,37,city_2
person_2838,38,city_3
person_2839,39,city_4
person_2840,40,city_0
person_2841,41,city_1
person_2842,42,city_2
person_2843,43,city_3
person_2844,44,city_4
person_2845,45,city_0
person_2846,46,city_1
person_2847,47,city_2
person_2848,48,city_3
person_2849,49,city_4
person_2850,20,city_0
person_2851,21,city_1
person_2852,22,city_2
person_2853,23,city_3
person_2854,24,city_4
person_2855,25,city_0
person_2856,26,city_1
person_2857,27,city_2
person_2858,28,city_3
person_2859,29,city_4
person_2860,30,city_0
person_2861,31,city_1
person_2862,32,city_2
person_2863,33,city_3
person_2864,34,city_4
person_2865,35,city_0
person_2866,36,city_1
person_2867,37,city_2
person_2868,38,city_3
person_2869,39,city_4
person_2870,40,city_0
person_2871,41,city_1
person_2872,42,city_2
person_2873,43,city_3
person_2874,44,city_4
person_2875,45,city_0
person_2876,46,city_1
person_2877,47,city_2
person_2878,48,city_3
person_2879,49,city_4
person_2880,20,city_0
person_2881,21,city_1
person_2882,22,city_2
person_2883,23,city_3
person_2884,24,city_4
person_2885,25,city_0
person_2886,26,city_1
person_2887,27,city_2
person_2888,28,city_3
person_2889,29,city_4
person_2890,30,city_0
person_2891,31,city_1
person_2892,32,city_2
person_2893,33,city_3
person_2894,34,city_4
person_2895,35,city_0
person_2896,36,city_1
person_2897,37,city_2
person_2898,38,city_3
person_2899,39,city_4
person_2900,40,city_0
person_2901,41,city_1
person_2902,42,city_2
person_2903,43,city_3
person_2904,44,city_4
person_2905,45,city_0
person_2906,46,city_1
person_2907,47,city_2
person_2908,48,city_3
person_2909,49,city_4
person_2910,20,city_0
person_2911,21,city_1
person_2912,22,city_2
person_2913,23,city_3
person_2914,24,city_4
person_2915,25,city_0
person_2916,26,city_1
person_2917,27,city_2
person_2918,28,city_3
person_2919,29,city_4
person_2920,30,city_0
person_2921,31,city_1
person_2922,32,city_2
person_2923,33,city_3
person_2924,34,city_4
person_2925,35,city_0
person_2926,36,city_1
person_2927,37,city_2
person_2928,38,city_3
person_2929,39,city_4
person_2930,40,city_0
person_2931,41,city_1
person_2932,42,city_2
person_2933,43,city_3
person_2934,44,city_4
person_2935,45,city_0
person_2936,46,city_1
person_2937,47,city_2
person_2938,48,city_3
person_2939,49,city_4
person_2940,20,city_0
person_2941,21,city_1
person_2942,22,city_2
person_2943,23,city_3
person_2944,24,city_4
person_2945,25,city_0
person_2946,26,city_1
person_2947,27,city_2
person_2948,28,city_3
person_2949,29,city_4
person_2950,30,city_0
person_2951,31,city_1
person_2952,32,city_2
person_2953,33,city_3
person_2954,34,city_4
person_2955,35,city_0
person_2956,36,city_1
person_2957,37,city_2
person_2958,38,city_3
person_2959,39,city_4
person_2960,40,city_0
person_2961,41,city_1
person_2962,42,city_2
person_2963,43,city_3
person_2964,44,city_4
person_2965,45,city_0
person_2966,46,city_1
person_2967,47,city_2
person_2968,48,city_3
person_2969,49,city_4
person_2970,20,city_0
person_2971,21,city_1
person_2972,22,city_2
person_2973,23,city_3
person_2974,24,city_4
person_2975,25,city_0
person_2976,26,city_1
person_2977,27,city_2
person_2978,28,city_3
person_2979,29,city_4
person_2980,30,city_0
person_2981,31,city_1
person_2982,32,city_2
person_2983,33,city_3
person_2984,34,city_4
person_2985,35,city_0
person_2986,36,city_1
person_2987,37,city_2
person_2988,38,city_3
person_2989,39,city_4
person_2990,40,city_0
person_2991,41,city_1
person_2992,42,city_2
person_2993,43,city_3
person_2994,44,city_4
person_2995,45,city_0
person_2996,46,city_1
person_2997,47,city_2
person_2998,48,city_3
person_2999,49,city_4
person_3000,20,city_0
person_3001,21,city_1
person_3002,22,city_2
person_3003,23,city_3
person_3004,24,city_4
person_3005,25,city_0
person_3006,26,city_1
person_3007,27,city_2
person_3008,28,city_3
person_3009,29,city_4
person_3010,30,city_0
person_3011,31,city_1
person_3012,32,city_2
person_3013,33,city_3
person_3014,34,city_4
person_3015,35,city_0
person_3016,36,city_1
person_3017,37,city_2
person_3018,38,city_3
person_3019,39,city_4
person_3020,40,city_0
person_3021,41,city_1
person_3022,42,city_2
person_3023,43,city_3
person_3024,44,city_4
person_3025,45,city_0
person_3026,46,city_1
person_3027,47,city_2
person_3028,48,city_3
person_3029,49,city_4
person_3030,20,city_0
person_3031,21,city_1
person_3032,22,city_2
person_3033,23,city_3
person_3034,24,city_4
person_3035,25,city_0
person_3036,26,city_1
person_3037,27,city_2
person_3038,28,city_3
person_3039,29,city_4
person_3040,30,city_0
person_3041,31,city_1
person_3042,32,city_2
person_3043,33,city_3
person_3044,34,city_4
person_3045,35,city_0
person_3046,36,city_1
person_3047,37,city_2
person_3048,38,city_3
person_3049,39,city_4
person_3050,40,city_0
person_3051,41,city_1
person_3052,42,city_2
person_3053,43,city_3
person_3054,44,city_4
person_3055,45,city_0
person_3056,46,city_1
person_3057,47,city_2
person_3058,48,city_3
person_3059,49,city_4
person_3060,20,city_0
person_3061,21,city_1
person_3062,22,city_2
person_3063,23,city_3
person_3064,24,city_4
person_3065,25,city_0
person_3066,26,city_1
person_3067,27,city_2
person_3068,28,city_3
person_3069,29,city_4
person_3070,30,city_0
person_3071,31,city_1
person_3072,32,city_2
person_3073,33,city_3
person_3074,34,city_4
person_3075,35,city_0
person_3076,36,city_1
person_3077,37,city_2
person_3078,38,city_3
person_3079,39,city_4
person_3080,40,city_0
person_3081,41,city_1
person_3082,42,city_2
person_3083,43,city_3
person_3084,44,city_4
person_3085,45,city_0
person_3086,46,city_1
person_3087,47,city_2
person_3088,48,city_3
person_3089,49,city_4
person_3090,20,city_0
person_3091,21,city_1
person_3092,22,city_2
person_3093,23,city_3
person_3094,24,city_4
person_3095,25,city_0
person_3096,26,city_1
person_3097,27,city_2
person_3098,28,city_3
person_3099,29,city_4
person_3100,30,city_0
person_3101,31,city_1
person_3102,32,city_2
person_3103,33,city_3
person_3104,34,city_4
person_3105,35,city_0
person_3106,36,city_1
person_3107,37,city_2
person_3108,38,city_3
person_3109,39,city_4
person_3110,40,city_0
person_3111,41,city_1
person_3112,42,city_2
person_3113,43,city_3
person_3114,44,city_4
person_3115,45,city_0
person_3116,46,city_1
person_3117,47,city_2
person_3118,48,city_3
person_3119,49,city_4
person_3120,20,city_0
person_3121,21,city_1
person_3122,22,city_2
person_3123,23,city_3
person_3124,24,city_4
person_3125,25,city_0
person_3126,26,city_1
person_3127,27,city_2
person_3128,28,city_3
person_3129,29,city_4
person_3130,30,city_0
person_3131,31,city_1
person_3132,32,city_2
person_3133,33,city_3
person_3134,34,city_4
person_3135,35,city_0
person_3136,36,city_1
person_3137,37,city_2
person_3138,38,city_3
person_3139,39,city_4
person_3140,40,city_0
person_3141,41,city_1
person_3142,42,city_2
person_3143,43,city_3
person_3144,44,city_4
person_3145,45,city_0
person_3146,46,city_1
person_3147,47,city_2
person_3148,48,city_3
person_3149,49,city_4
person_3150,20,city_0
person_3151,21,city_1
person_3152,22,city_2
person_3153,23,city_3
person_3154,24,city_4
person_3155,25,city_0
person_3156,26,city_1
person_3157,27,city_2
person_3158,28,city_3
person_3159,29,city_4
person_3160,30,city_0
person_3161,31,city_1
person_3162,32,city_2
person_3163,33,city_3
person_3164,34,city_4
person_3165,35,city_0
person_3166,36,city_1
person_3167,37,city_2
person_3168,38,city_3
person_3169,39,city_4
person_3170,40,city_0
person_3171,41,city_1
person_3172,42,city_2
person_3173,43,city_3
person_3174,44,city_4
person_3175,45,city_0
person_3176,46,city_1
person_3177,47,city_2
person_3178,48,city_3
person_3179,49,city_4
person_3180,20,city_0
person_3181,21,city_1
person_3182,22,city_2
person_3183,23,city_3
person_3184,24,city_4
person_3185,25,city_0
person_3186,26,city_1
person_3187,27,city_2
person_3188,28,city_3
person_3189,29,city_4
person_3190,30,city_0
person_3191,31,city_1
person_3192,32,city_2
person_3193,33,city_3
person_3194,34,city_4
person_3195,35,city_0
person_3196,36,city_1
person_3197,37,city_2
person_3198,38,city_3
person_3199,39,city_4
person_3200,40,city_0
person_3201,41,city_1
person_3202,42,city_2
person_3203,43,city_3
person_3204,44,city_4
person_3205,45,city_0
person_3206,46,city_1
person_3207,47,city_2
person_3208,48,city_3
person_3209,49,city_4
person_3210,20,city_0
person_3211,21,city_1
person_3212,22,city_2
person_3213,23,city_3
person_3214,24,city_4
person_3215,25,city_0
person_3216,26,city_1
person_3217,27,city_2
person_3218,28,city_3
person_3219,29,city_4
person_3220,30,city_0
person_3221,31,city_1
person_3222,32,city_2
person_3223,33,city_3
person_3224,34,city_4
person_3225,35,city_0
person_3226,36,city_1
person_3227,37,city_2
person_3228,38,city_3
person_3229,39,city_4
person_3230,40,city_0
person_3231,41,city_1
person_3232,42,city_2
person_3233,43,city_3
person_3234,44,city_4
person_3235,45,city_0
person_3236,46,city_1
person_3237,47,city_2
person_3238,48,city_3
person_3239,49,city_4
person_3240,20,city_0
person_3241,21,city_1
person_3242,22,city_2
person_3243,23,city_3
person_3244,24,city_4
person_3245,25,city_0
person_3246,26,city_1
person_3247,27,city_2
person_3248,28,city_3
person_3249,29,city_4
person_3250,30,city_0
person_3251,31,city_1
person_3252,32,city_2
person_3253,33,city_3
person_3254,34,city_4
person_3255,35,city_0
person_3256,36,city_1
person_3257,37,city_2
person_3258,38,city_3
person_3259,39,city_4
person_3260,40,city_0
person_3261,41,city_1
person_3262,42,city_2
person_3263,43,city_3
person_3264,44,city_4
person_3265,45,city_0
person_3266,46,city_1
person_3267,47,city_2
person_3268,48,city_3
person_3269,49,city_4
person_3270,20,city_0
person_3271,21,city_1
person_3272,22,city_2
person_3273,23,city_3
person_3274,24,city_4
person_3275,25,city_0
person_3276,26,city_1
person_3277,27,city_2
person_3278,28,city_3
person_3279,29,city_4
person_3280,30,city_0
person_3281,31,city_1
person_3282,32,city_2
person_3283,33,city_3
person_3284,34,city_4
person_3285,35,city_0
person_3286,36,city_1
person_3287,37,city_2
person_3288,38,city_3
person_3289,39,city_4
person_3290,40,city_0
person_3291,41,city_1
person_3292,42,city_2
person_3293,43,city_3
person_3294,44,city_4
person_3295,45,city_0
person_3296,46,city_1
person_3297,47,city_2
person_3298,48,city_3
person_3299,49,city_4
person_3300,20,city_0
person_3301,21,city_1
person_3302,22,city_2
person_3303,23,city_3
person_3304,24,city_4
person_3305,25,city_0
person_3306,26,city_1
person_3307,27,city_2
person_3308,28,city_3
person_3309,29,city_4
person_3310,30,city_0
person_3311,31,city_1
person_3312,32,city_2
person_3313,33,city_3
person_3314,34,city_4
person_3315,35,city_0
person_3316,36,city_1
person_3317,37,city_2
person_3318,38,city_3
person_3319,39,city_4
person_3320,40,city_0
person_3321,41,city_1
person_3322,42,city_2
person_3323,43,city_3
person_3324,44,city_4
person_3325,45,city_0
person_3326,46,city_1
person_3327,47,city_2
person_3328,48,city_3
person_3329,49,city_4
person_3330,20,city_0
person_3331,21,city_1
person_3332,22,city_2
person_3333,23,city_3
person_3334,24,city_4
person_3335,25,city_0
person_3336,26,city_1
person_3337,27,city_2
person_3338,28,city_3
person_3339,29,city_4
person_3340,30,city_0
person_3341,31,city_1
person_3342,32,city_2
person_3343,33,city_3
person_3344,34,city_4
person_3345,35,city_0
person_3346,36,city_1
person_3347,37,city_2
person_3348,38,city_3
person_3349,39,city_4
person_3350,40,city_0
person_3351,41,city_1
person_3352,42,city_2
person_3353,43,city_3
person_3354,44,city_4
person_3355,45,city_0
person_3356,46,city_1
person_3357,47,city_2
person_3358,48,city_3
person_3359,49,city_4
person_3360,20,city_0
person_3361,21,city_1
person_3362,22,city_2
person_3363,23,city_3
person_3364,24,city_4
person_3365,25,city_0
person_3366,26,city_1
person_3367,27,city_2
person_3368,28,city_3
person_3369,29,city_4
person_3370,30,city_0
person_3371,31,city_1
person_3372,32,city_2
person_3373,33,city_3
person_3374,34,city_4
person_3375,35,city_0
person_3376,36,city_1
person_3377,37,city_2
person_3378,38,city_3
person_3379,39,city_4
person_3380,40,city_0
person_3381,41,city_1
person_3382,42,city_2
person_3383,43,city_3
person_3384,44,city_4
person_3385,45,city_0
person_3386,46,city_1
person_3387,47,city_2
person_3388,48,city_3
person_3389,49,city_4
person_3390,20,city_0
person_3391,21,city_1
person_3392,22,city_2
person_3393,23,city_3
person_3394,24,city_4
person_3395,25,city_0
person_3396,26,city_1
person_3397,27,city_2
person_3398,28,city_3
person_3399,29,city_4
person_3400,30,city_0
person_3401,31,city_1
person_3402,32,city_2
person_3403,33,city_3
person_3404,34,city_4
person_3405,35,city_0
person_3406,36,city_1
person_3407,37,city_2
person_3408,38,city_3
person_3409,39,city_4
person_3410,40,city_0
person_3411,41,city_1
person_3412,42,city_2
person_3413,43,city_3
person_3414,44,city_4
person_3415,45,city_0
person_3416,46,city_1
person_3417,47,city_2
person_3418,48,city_3
person_3419,49,city_4
person_3420,20,city_0
person_3421,21,city_1
person_3422,22,city_2
person_3423,23,city_3
person_3424,24,city_4
person_3425,25,city_0
person_3426,26,city_1
person_3427,27,city_2
person_3428,28,city_3
person_3429,29,city_4
person_3430,30,city_0
person_3431,31,city_1
person_3432,32,city_2
person_3433,33,city_3
person_3434,34,city_4
person_3435,35,city_0
person_3436,36,city_1
person_3437,37,city_2
person_3438,38,city_3
person_3439,39,city_4
person_3440,40,city_0
person_3441,41,city_1
person_3442,42,city_2
person_3443,43,city_3
person_3444,44,city_4
person_3445,45,city_0
person_3446,46,city_1
person_3447,47,city_2
person_3448,48,city_3
person_3449,49,city_4
person_3450,20,city_0
person_3451,21,city_1
person_3452,22,city_2
person_3453,23,city_3
person_3454,24,city_4
person_3455,25,city_0
person_3456,26,city_1
person_3457,27,city_2
person_3458,28,city_3
person_3459,29,city_4
person_3460,30,city_0
person_3461,31,city_1
person_3462,32,city_2
person_3463,33,city_3
person_3464,34,city_4
person_3465,35,city_0
person_3466,36,city_1
person_3467,37,city_2
person_3468,38,city_3
person_3469,39,city_4
person_3470,40,city_0
person_3471,41,city_1
person_3472,42,city_2
person_3473,43,city_3
person_3474,44,city_4
person_3475,45,city_0
person_3476,46,city_1
person_3477,47,city_2
person_3478,48,city_3
person_3479,49,city_4
person_3480,20,city_0
person_3481,21,city_1
person_3482,22,city_2
person_3483,23,city_3
person_3484,24,city_4
person_3485,25,city_0
person_3486,26,city_1
person_3487,27,city_2
person_3488,28,city_3
person_3489,29,city_4
person_3490,30,city_0
person_3491,31,city_1
person_3492,32,city_2
person_3493,33,city_3
person_3494,34,city_4
person_3495,35,city_0
person_3496,36,city_1
person_3497,37,city_2
person_3498,38,city_3
person_3499,39,city_4
person_3500,40,city_0
person_3501,41,city_1
person_3502,42,city_2
person_3503,43,city_3
person_3504,44,city_4
person_3505,45,city_0
person_3506,46,city_1
person_3507,47,city_2
person_3508,48,city_3
person_3509,49,city_4
person_3510,20,city_0
person_3511,21,city_1
person_3512,22,city_2
person_3513,23,city_3
person_3514,24,city_4
person_3515,25,city_0
person_3516,26,city_1
person_3517,27,city_2
person_3518,28,city_3
person_3519,29,city_4
person_3520,30,city_0
person_3521,31,city_1
person_3522,32,city_2
person_3523,33,city_3
person_3524,34,city_4
person_3525,35,city_0
person_3526,36,city_1
person_3527,37,city_2
person_3528,38,city_3
person_3529,39,city_4
person_3530,40,city_0
person_3531,41,city_1
person_3532,42,city_2
person_3533,43,city_3
person_3534,44,city_4
person_3535,45,city_0
person_3536,46,city_1
person_3537,47,city_2
person_3538,48,city_3
person_3539,49,city_4
person_3540,20,city_0
person_3541,21,city_1
person_3542,22,city_2
person_3543,23,city_3
person_3544,24,city_4
person_3545,25,city_0
person_3546,26,city_1
person_3547,27,city_2
person_3548,28,city_3
person_3549,29,city_4
person_3550,30,city_0
person_3551,31,city_1
person_3552,32,city_2
person_3553,33,city_3
person_3554,34,city_4
person_3555,35,city_0
person_3556,36,city_1
person_3557,37,city_2
person_3558,38,city_3
person_3559,39,city_4
person_3560,40,city_0
person_3561,41,city_1
person_3562,42,city_2
person_3563,43,city_3
person_3564,44,city_4
person_3565,45,city_0
person_3566,46,city_1
person_3567,47,city_2
person_3568,48,city_3
person_3569,49,city_4
person_3570,20,city_0
person_3571,21,city_1
person_3572,22,city_2
person_3573,23,city_3
person_3574,24,city_4
person_3575,25,city_0
person_3576,26,city_1
person_3577,27,city_2
person_3578,28,city_3
person_3579,29,city_4
person_3580,30,city_0
person_3581,31,city_1
person_3582,32,city_2
person_3583,33,city_3
person_3584,34,city_4
person_3585,35,city_0
person_3586,36,city_1
person_3587,37,city_2
person_3588,38,city_3
person_3589,39,city_4
person_3590,40,city_0
person_3591,41,city_1
person_3592,42,city_2
person_3593,43,city_3
person_3594,44,city_4
person_3595,45,city_0
person_3596,46,city_1
person_3597,47,city_2
person_3598,48,city_3
person_3599,49,city_4
person_3600,20,city_0
person_3601,21,city_1
person_3602,22,city_2
person_3603,23,city_3
person_3604,24,city_4
person_3605,25,city_0
person_3606,26,city_1
person_3607,27,city_2
person_3608,28,city_3
person_3609,29,city_4
person_3610,30,city_0
person_3611,31,city_1
person_3612,32,city_2
person_3613,33,city_3
person_3614,34,city_4
person_3615,35,city_0
person_3616,36,city_1
person_3617,37,city_2
person_3618,38,city_3
person_3619,39,city_4
person_3620,40,city_0
person_3621,41,city_1
person_3622,42,city_2
person_3623,43,city_3
person_3624,44,city_4
person_3625,45,city_0
person_3626,46,city_1
person_3627,47,city_2
person_3628,48,city_3
person_3629,49,city_4
person_3630,20,city_0
person_3631,21,city_1
person_3632,22,city_2
person_3633,23,city_3
person_3634,24,city_4
person_3635,25,city_0
person_3636,26,city_1
person_3637,27,city_2
person_3638,28,city_3
person_3639,29,city_4
person_3640,30,city_0
person_3641,31,city_1
person_3642,32,city_2
person_3643,33,city_3
person_3644,34,city_4
person_3645,35,city_0
person_3646,36,city_1
person_3647,37,city_2
person_3648,38,city_3
person_3649,39,city_4
person_3650,40,city_0
person_3651,41,city_1
person_3652,42,city_2
person_3653,43,city_3
person_3654,44,city_4
person_3655,45,city_0
person_3656,46,city_1
person_3657,47,city_2
person_3658,48,city_3
person_3659,49,city_4
person_3660,20,city_0
person_3661,21,city_1
person_3662,22,city_2
person_3663,23,city_3
person_3664,24,city_4
person_3665,25,city_0
person_3666,26,city_1
person_3667,27,city_2
person_3668,28,city_3
person_3669,29,city_4
person_3670,30,city_0
person_3671,31,city_1
person_3672,32,city_2
person_3673,33,city_3
person_3674,34,city_4
person_3675,35,city_0
person_3676,36,city_1
person_3677,37,city_2
person_3678,38,city_3
person_3679,39,city_4
person_3680,40,city_0
person_3681,41,city_1
person_3682,42,city_2
person_3683,43,city_3
person_3684,44,city_4
person_3685,45,city_0
person_3686,46,city_1
person_3687,47,city_2
person_3688,48,city_3
person_3689,49,city_4
person_3690,20,city_0
person_3691,21,city_1
person_3692,22,city_2
person_3693,23,city_3
person_3694,24,city_4
person_3695,25,city_0
person_3696,26,city_1
person_3697,27,city_2
person_3698,28,city_3
person_3699,29,city_4
person_3700,30,city_0
person_3701,31,city_1
person_3702,32,city_2
person_3703,33,city_3
person_3704,34,city_4
person_3705,35,city_0
person_3706,36,city_1
person_3707,37,city_2
person_3708,38,city_3
person_3709,39,city_4
person_3710,40,city_0
person_3711,41,city_1
person_3712,42,city_2
person_3713,43,city_3
person_3714,44,city_4
person_3715,45,city_0
person_3716,46,city_1
person_3717,47,city_2
person_3718,48,city_3
person_3719,49,city_4
person_3720,20,city_0
person_3721,21,city_1
person_3722,22,city_2
person_3723,23,city_3
person_3724,24,city_4
person_3725,25,city_0
person_3726,26,city_1
person_3727,27,city_2
person_3728,28,city_3
person_3729,29,city_4
person_3730,30,city_0
person_3731,31,city_1
person_3732,32,city_2
person_3733,33,city_3
person_3734,34,city_4
person_3735,35,city_0
person_3736,36,city_1
person_3737,37,city_2
person_3738,38,city_3
person_3739,39,city_4
person_3740,40,city_0
person_3741,41,city_1
person_3742,42,city_2
person_3743,43,city_3
person_3744,44,city_4
person_3745,45,city_0
person_3746,46,city_1
person_3747,47,city_2
person_3748,48,city_3
person_3749,49,city_4
person_3750,20,city_0
person_3751,21,city_1
person_3752,22,city_2
person_3753,23,city_3
person_3754,24,city_4
person_3755,25,city_0
person_3756,26,city_1
person_3757,27,city_2
person_3758,28,city_3
person_3759,29,city_4
person_3760,30,city_0
person_3761,31,city_1
person_3762,32,city_2
person_3763,33,city_3
person_3764,34,city_4
person_3765,35,city_0
person_3766,36,city_1
person_3767,37,city_2
person_3768,38,city_3
person_3769,39,city_4
person_3770,40,city_0
person_3771,41,city_1
person_3772,42,city_2
person_3773,43,city_3
person_3774,44,city_4
person_3775,45,city_0
person_3776,46,city_1
person_3777,47,city_2
person_3778,48,city_3
person_3779,49,city_4
person_3780,20,city_0
person_3781,21,city_1
person_3782,22,city_2
person_3783,23,city_3
person_3784,24,city_4
person_3785,25,city_0
person_3786,26,city_1
person_3787,27,city_2
person_3788,28,city_3
person_3789,29,city_4
person_3790,30,city_0
person_3791,31,city_1
person_3792,32,city_2
person_3793,33,city_3
person_3794,34,city_4
person_3795,35,city_0
person_3796,36,city_1
person_3797,37,city_2
person_3798,38,city_3
person_3799,39,city_4
person_3800,40,city_0
person_3801,41,city_1
person_3802,42,city_2
person_3803,43,city_3
person_3804,44,city_4
person_3805,45,city_0
person_3806,46,city_1
person_3807,47,city_2
person_3808,48,city_3
person_3809,49,city_4
person_3810,20,city_0
person_3811,21,city_1
person_3812,22,city_2
person_3813,23,city_3
person_3814,24,city_4
person_3815,25,city_0
person_3816,26,city_1
person_3817,27,city_2
person_3818,28,city_3
person_3819,29,city_4
person_3820,30,city_0
person_3821,31,city_1
person_3822,32,city_2
person_3823,33,city_3
person_3824,34,city_4
person_3825,35,city_0
person_3826,36,city_1
person_3827,37,city_2
person_3828,38,city_3
person_3829,39,city_4
person_3830,40,city_0
person_3831,41,city_1
person_3832,42,city_2
person_3833,43,city_3
person_3834,44,city_4
person_3835,45,city_0
person_3836,46,city_1
person_3837,47,city_2
person_3838,48,city_3
person_3839,49,city_4
person_3840,20,city_0
person_3841,21,city_1
person_3842,22,city_2
person_3843,23,city_3
person_3844,24,city_4
person_3845,25,city_0
person_3846,26,city_1
person_3847,27,city_2
person_3848,28,city_3
person_3849,29,city_4
person_3850,30,city_0
person_3851,31,city_1
person_3852,32,city_2
person_3853,33,city_3
person_3854,34,city_4
person_3855,35,city_0
person_3856,36,city_1
person_3857,37,city_2
person_3858,38,city_3
person_3859,39,city_4
person_3860,40,city_0
person_3861,41,city_1
person_3862,42,city_2
person_3863,43,city_3
person_3864,44,city_4
person_3865,45,city_0
person_3866,46,city_1
person_3867,47,city_2
person_3868,48,city_3
person_3869,49,city_4
person_3870,20,city_0
person_3871,21,city_1
person_3872,22,city_2
person_3873,23,city_3
person_3874,24,city_4
person_3875,25,city_0
person_3876,26,city_1
person_3877,27,city_2
person_3878,28,city_3
person_3879,29,city_4
person_3880,30,city_0
person_3881,31,city_1
person_3882,32,city_2
person_3883,33,city_3
person_3884,34,city_4
person_3885,35,city_0
person_3886,36,city_1
person_3887,37,city_2
person_3888,38,city_3
person_3889,39,city_4
person_3890,40,city_0
person_3891,41,city_1
person_3892,42,city_2
person_3893,43,city_3
person_3894,44,city_4
person_3895,45,city_0
person_3896,46,city_1
person_3897,47,city_2
person_3898,48,city_3
person_3899,49,city_4
person_3900,20,city_0
person_3901,21,city_1
person_3902,22,city_2
person_3903,23,city_3
person_3904,24,city_4
person_3905,25,city_0
person_3906,26,city_1
person_3907,27,city_2
person_3908,28,city_3
person_3909,29,city_4
person_3910,30,city_0
person_3911,31,city_1
person_3912,32,city_2
person_3913,33,city_3
person_3914,34,city_4
person_3915,35,city_0
person_3916,36,city_1
person_3917,37,city_2
person_3918,38,city_3
person_3919,39,city_4
person_3920,40,city_0
person_3921,41,city_1
person_3922,42,city_2
person_3923,43,city_3
person_3924,44,city_4
person_3925,45,city_0
person_3926,46,city_1
person_3927,47,city_2
person_3928,48,city_3
person_3929,49,city_4
person_3930,20,city_0
person_3931,21,city_1
person_3932,22,city_2
person_3933,23,city_3
person_3934,24,city_4
person_3935,25,city_0
person_3936,26,city_1
person_3937,27,city_2
person_3938,28,city_3
person_3939,29,city_4
person_3940,30,city_0
person_3941,31,city_1
person_3942,32,city_2
person_3943,33,city_3
person_3944,34,city_4
person_3945,35,city_0
person_3946,36,city_1
person_3947,37,city_2
person_3948,38,city_3
person_3949,39,city_4
person_3950,40,city_0
person_3951,41,city_1
person_3952,42,city_2
person_3953,43,city_3
person_3954,44,city_4
person_3955,45,city_0
person_3956,46,city_1
person_3957,47,city_2
person_3958,48,city_3
person_3959,49,city_4
person_3960,20,city_0
person_3961,21,city_1
person_3962,22,city_2
person_3963,23,city_3
person_3964,24,city_4
person_3965,25,city_0
person_3966,26,city_1
person_3967,27,city_2
person_3968,28,city_3
person_3969,29,city_4
person_3970,30,city_0
person_3971,31,city_1
person_3972,32,city_2
person_3973,33,city_3
person_3974,34,city_4
person_3975,35,city_0
person_3976,36,city_1
person_3977,37,city_2
person_3978,38,city_3
person_3979,39,city_4
person_3980,40,city_0
person_3981,41,city_1
person_3982,42,city_2
person_3983,43,city_3
person_3984,44,city_4
person_3985,45,city_0
person_3986,46,city_1
person_3987,47,city_2
person_3988,48,city_3
person_3989,49,city_4
person_3990,20,city_0
person_3991,21,city_1
person_3992,22,city_2
person_3993,23,city_3
person_3994,24,city_4
person_3995,25,city_0
person_3996,26,city_1
person_3997,27,city_2
person_3998,28,city_3
person_3999,29,city_4
person_4000,30,city_0
person_4001,31,city_1
person_4002,32,city_2
person_4003,33,city_3
person_4004,34,city_4
person_4005,35,city_0
person_4006,36,city_1
person_4007,37,city_2
person_4008,38,city_3
person_4009,39,city_4
person_4010,40,city_0
person_4011,41,city_1
person_4012,42,city_2
person_4013,43,city_3
person_4014,44,city_4
person_4015,45,city_0
person_4016,46,city_1
person_4017,47,city_2
person_4018,48,city_3
person_4019,49,city_4
person_4020,20,city_0
person_4021,21,city_1
person_4022,22,city_2
person_4023,23,city_3
person_4024,24,city_4
person_4025,25,city_0
person_4026,26,city_1
person_4027,27,city_2
person_4028,28,city_3
person_4029,29,city_4
person_4030,30,city_0
person_4031,31,city_1
person_4032,32,city_2
person_4033,33,city_3
person_4034,34,city_4
person_4035,35,city_0
person_4036,36,city_1
person_4037,37,city_2
person_4038,38,city_3
person_4039,39,city_4
person_4040,40,city_0
person_4041,41,city_1
person_4042,42,city_2
person_4043,43,city_3
person_4044,44,city_4
person_4045,45,city_0
person_4046,46,city_1
person_4047,47,city_2
person_4048,48,city_3
person_4049,49,city_4
person_4050,20,city_0
person_4051,21,city_1
person_4052,22,city_2
person_4053,23,city_3
person_4054,24,city_4
person_4055,25,city_0
person_4056,26,city_1
person_4057,27,city_2
person_4058,28,city_3
person_4059,29,city_4
person_4060,30,city_0
person_4061,31,city_1
person_4062,32,city_2
person_4063,33,city_3
person_4064,34,city_4
person_4065,35,city_0
person_4066,36,city_1
person_4067,37,city_2
person_4068,38,city_3
person_4069,39,city_4
person_4070,40,city_0
person_4071,41,city_1
person_4072,42,city_2
person_4073,43,city_3
person_4074,44,city_4
person_4075,45,city_0
person_4076,46,city_1
person_4077,47,city_2
person_4078,48,city_3
person_4079,49,city_4
person_4080,20,city_0
person_4081,21,city_1
person_4082,22,city_2
person_4083,23,city_3
person_4084,24,city_4
person_4085,25,city_0
person_4086,26,city_1
person_4087,27,city_2
person_4088,28,city_3
person_4089,29,city_4
person_4090,30,city_0
person_4091,31,city_1
person_4092,32,city_2
person_4093,33,city_3
person_4094,34,city_4
person_4095,35,city_0
person_4096,36,city_1
person_4097,37,city_2
person_4098,38,city_3
person_4099,39,city_4
person_4100,40,city_0
person_4101,41,city_1
person_4102,42,city_2
person_4103,43,city_3
person_4104,44,city_4
person_4105,45,city_0
person_4106,46,city_1
person_4107,47,city_2
person_4108,48,city_3
person_4109,49,city_4
person_4110,20,city_0
person_4111,21,city_1
person_4112,22,city_2
person_4113,23,city_3
person_4114,24,city_4
person_4115,25,city_0
person_4116,26,city_1
person_4117,27,city_2
person_4118,28,city_3
person_4119,29,city_4
person_4120,30,city_0
person_4121,31,city_1
person_4122,32,city_2
person_4123,33,city_3
person_4124,34,city_4
person_4125,35,city_0
person_4126,36,city_1
person_4127,37,city_2
person_4128,38,city_3
person_4129,39,city_4
person_4130,40,city_0
person_4131,41,city_1
person_4132,42,city_2
person_4133,43,city_3
person_4134,44,city_4
person_4135,45,city_0
person_4136,46,city_1
person_4137,47,city_2
person_4138,48,city_3
person_4139,49,city_4
person_4140,20,city_0
person_4141,21,city_1
person_4142,22,city_2
person_4143,23,city_3
person_4144,24,city_4
person_4145,25,city_0
person_4146,26,city_1
person_4147,27,city_2
person_4148,28,city_3
person_4149,29,city_4
person_4150,30,city_0
person_4151,31,city_1
person_4152,32,city_2
person_4153,33,city_3
person_4154,34,city_4
person_4155,35,city_0
person_4156,36,city_1
person_4157,37,city_2
person_4158,38,city_3
person_4159,39,city_4
person_4160,40,city_0
person_4161,41,city_1
person_4162,42,city_2
person_4163,43,city_3
person_4164,44,city_4
person_4165,45,city_0
person_4166,46,city_1
person_4167,47,city_2
person_4168,48,city_3
person_4169,49,city_4
person_4170,20,city_0
person_4171,21,city_1
person_4172,22,city_2
person_4173,23,city_3
person_4174,24,city_4
person_4175,25,city_0
person_4176,26,city_1
person_4177,27,city_2
person_4178,28,city_3
person_4179,29,city_4
person_4180,30,city_0
person_4181,31,city_1
person_4182,32,city_2
person_4183,33,city_3
person_4184,34,city_4
person_4185,35,city_0
person_4186,36,city_1
person_4187,37,city_2
person_4188,38,city_3
person_4189,39,city_4
person_4190,40,city_0
person_4191,41,city_1
person_4192,42,city_2
person_4193,43,city_3
person_4194,44,city_4
person_4195,45,city_0
person_4196,46,city_1
person_4197,47,city_2
person_4198,48,city_3
person_4199,49,city_4
person_4200,20,city_0
person_4201,21,city_1
person_4202,22,city_2
person_4203,23,city_3
person_4204,24,city_4
person_4205,25,city_0
person_4206,26,city_1
person_4207,27,city_2
person_4208,28,city_3
person_4209,29,city_4
person_4210,30,city_0
person_4211,31,city_1
person_4212,32,city_2
person_4213,33,city_3
person_4214,34,city_4
person_4215,35,city_0
person_4216,36,city_1
person_4217,37,city_2
person_4218,38,city_3
person_4219,39,city_4
person_4220,40,city_0
person_4221,41,city_1
person_4222,42,city_2
person_4223,43,city_3
person_4224,44,city_4
person_4225,45,city_0
person_4226,46,city_1
person_4227,47,city_2
person_4228,48,city_3
person_4229,49,city_4
person_4230,20,city_0
person_4231,21,city_1
person_4232,22,city_2
person_4233,23,city_3
person_4234,24,city_4
person_4235,25,city_0
person_4236,26,city_1
person_4237,27,city_2
person_4238,28,city_3
person_4239,29,city_4
person_4240,30,city_0
person_4241,31,city_1
person_4242,32,city_2
person_4243,33,city_3
person_4244,34,city_4
person_4245,35,city_0
person_4246,36,city_1
person_4247,37,city_2
person_4248,38,city_3
person_4249,39,city_4
person_4250,40,city_0
person_4251,41,city_1
person_4252,42,city_2
person_4253,43,city_3
person_4254,44,city_4
person_4255,45,city_0
person_4256,46,city_1
person_4257,47,city_2
person_4258,48,city_3
person_4259,49,city_4
person_4260,20,city_0
person_4261,21,city_1
person_4262,22,city_2
person_4263,23,city_3
person_4264,24,city_4
person_4265,25,city_0
person_4266,26,city_1
person_4267,27,city_2
person_4268,28,city_3
person_4269,29,city_4
person_4270,30,city_0
person_4271,31,city_1
person_4272,32,city_2
person_4273,33,city_3
person_4274,34,city_4
person_4275,35,city_0
person_4276,36,city_1
person_4277,37,city_2
person_4278,38,city_3
person_4279,39,city_4
person_4280,40,city_0
person_4281,41,city_1
person_4282,42,city_2
person_4283,43,city_3
person_4284,44,city_4
person_4285,45,city_0
person_4286,46,city_1
person_4287,47,city_2
person_4288,48,city_3
person_4289,49,city_4
person_4290,20,city_0
person_4291,21,city_1
person_4292,22,city_2
person_4293,23,city_3
person_4294,24,city_4
person_4295,25,city_0
person_4296,26,city_1
person_4297,27,city_2
person_4298,28,city_3
person_4299,29,city_4
person_4300,30,city_0
person_4301,31,city_1
person_4302,32,city_2
person_4303,33,city_3
person_4304,34,city_4
person_4305,35,city_0
person_4306,36,city_1
person_4307,37,city_2
person_4308,38,city_3
person_4309,39,city_4
person_4310,40,city_0
person_4311,41,city_1
person_4312,42,city_2
person_4313,43,city_3
person_4314,44,city_4
person_4315,45,city_0
person_4316,46,city_1
person_4317,47,city_2
person_4318,48,city_3
person_4319,49,city_4
person_4320,20,city_0
person_4321,21,city_1
person_4322,22,city_2
person_4323,23,city_3
person_4324,24,city_4
person_4325,25,city_0
person_4326,26,city_1
person_4327,27,city_2
person_4328,28,city_3
person_4329,29,city_4
person_4330,30,city_0
person_4331,31,city_1
person_4332,32,city_2
person_4333,33,city_3
person_4334,34,city_4
person_4335,35,city_0
person_4336,36,city_1
person_4337,37,city_2
person_4338,38,city_3
person_4339,39,city_4
person_4340,40,city_0
person_4341,41,city_1
person_4342,42,city_2
person_4343,43,city_3
person_4344,44,city_4
person_4345,45,city_0
person_4346,46,city_1
person_4347,47,city_2
person_4348,48,city_3
person_4349,49,city_4
person_4350,20,city_0
person_4351,21,city_1
person_4352,22,city_2
person_4353,23,city_3
person_4354,24,city_4
person_4355,25,city_0
person_4356,26,city_1
person_4357,27,city_2
person_4358,28,city_3
person_4359,29,city_4
person_4360,30,city_0
person_4361,31,city_1
person_4362,32,city_2
person_4363,33,city_3
person_4364,34,city_4
person_4365,35,city_0
person_4366,36,city_1
person_4367,37,city_2
person_4368,38,city_3
person_4369,39,city_4
person_4370,40,city_0
person_4371,41,city_1
person_4372,42,city_2
person_4373,43,city_3
person_4374,44,city_4
person_4375,45,city_0
person_4376,46,city_1
person_4377,47,city_2
person_4378,48,city_3
person_4379,49,city_4
person_4380,20,city_0
person_4381,21,city_1
person_4382,22,city_2
person_4383,23,city_3
person_4384,24,city_4
person_4385,25,city_0
person_4386,26,city_1
person_4387,27,city_2
person_4388,28,city_3
person_4389,29,city_4
person_4390,30,city_0
person_4391,31,city_1
person_4392,32,city_2
person_4393,33,city_3
person_4394,34,city_4
person_4395,35,city_0
person_4396,36,city_1
person_4397,37,city_2
person_4398,38,city_3
person_4399,39,city_4
person_4400,40,city_0
person_4401,41,city_1
person_4402,42,city_2
person_4403,43,city_3
person_4404,44,city_4
person_4405,45,city_0
person_4406,46,city_1
person_4407,47,city_2
person_4408,48,city_3
person_4409,49,city_4
person_4410,20,city_0
person_4411,21,city_1
person_4412,22,city_2
person_4413,23,city_3
person_4414,24,city_4
person_4415,25,city_0
person_4416,26,city_1
person_4417,27,city_2
person_4418,28,city_3
person_4419,29,city_4
person_4420,30,city_0
person_4421,31,city_1
person_4422,32,city_2
person_4423,33,city_3
person_4424,34,city_4
person_4425,35,city_0
person_4426,36,city_1
person_4427,37,city_2
person_4428,38,city_3
person_4429,39,city_4
person_4430,40,city_0
person_4431,41,city_1
person_4432,42,city_2
person_4433,43,city_3
person_4434,44,city_4
person_4435,45,city_0
person_4436,46,city_1
person_4437,47,city_2
person_4438,48,city_3
person_4439,49,city_4
person_4440,20,city_0
person_4441,21,city_1
person_4442,22,city_2
person_4443,23,city_3
person_4444,24,city_4
person_4445,25,city_0
person_4446,26,city_1
person_4447,27,city_2
person_4448,28,city_3
person_4449,29,city_4
person_4450,30,city_0
person_4451,31,city_1
person_4452,32,city_2
person_4453,33,city_3
person_4454,34,city_4
person_4455,35,city_0
person_4456,36,city_1
person_4457,37,city_2
person_4458,38,city_3
person_4459,39,city_4
person_4460,40,city_0
person_4461,41,city_1
person_4462,42,city_2
person_4463,43,city_3
person_4464,44,city_4
person_4465,45,city_0
person_4466,46,city_1
person_4467,47,city_2
person_4468,48,city_3
person_4469,49,city_4
person_4470,20,city_0
person_4471,21,city_1
person_4472,22,city_2
person_4473,23,city_3
person_4474,24,city_4
person_4475,25,city_0
person_4476,26,city_1
person_4477,27,city_2
person_4478,28,city_3
person_4479,29,city_4
person_4480,30,city_0
person_4481,31,city_1
person_4482,32,city_2
person_4483,33,city_3
person_4484,34,city_4
person_4485,35,city_0
person_4486,36,city_1
person_4487,37,city_2
person_4488,38,city_3
person_4489,39,city_4
person_4490,40,city_0
person_4491,41,city_1
person_4492,42,city_2
person_4493,43,city_3
person_4494,44,city_4
person_4495,45,city_0
person_4496,46,city_1
person_4497,47,city_2
person_4498,48,city_3
person_4499,49,city_4
person_4500,20,city_0
person_4501,21,city_1
person_4502,22,city_2
person_4503,23,city_3
person_4504,24,city_4
person_4505,25,city_0
person_4506,26,city_1
person_4507,27,city_2
person_4508,28,city_3
person_4509,29,city_4
person_4510,30,city_0
person_4511,31,city_1
person_4512,32,city_2
person_4513,33,city_3
person_4514,34,city_4
person_4515,35,city_0
person_4516,36,city_1
person_4517,37,city_2
person_4518,38,city_3
person_4519,39,city_4
person_4520,40,city_0
person_4521,41,city_1
person_4522,42,city_2
person_4523,43,city_3
person_4524,44,city_4
person_4525,45,city_0
person_4526,46,city_1
person_4527,47,city_2
person_4528,48,city_3
person_4529,49,city_4
person_4530,20,city_0
person_4531,21,city_1
person_4532,22,city_2
person_4533,23,city_3
person_4534,24,city_4
person_4535,25,city_0
person_4536,26,city_1
person_4537,27,city_2
person_4538,28,city_3
person_4539,29,city_4
person_4540,30,city_0
person_4541,31,city_1
person_4542,32,city_2
person_4543,33,city_3
person_4544,34,city_4
person_4545,35,city_0
person_4546,36,city_1
person_4547,37,city_2
person_4548,38,city_3
person_4549,39,city_4
person_4550,40,city_0
person_4551,41,city_1
person_4552,42,city_2
person_4553,43,city_3
person_4554,44,city_4
person_4555,45,city_0
person_4556,46,city_1
person_4557,47,city_2
person_4558,48,city_3
person_4559,49,city_4
person_4560,20,city_0
person_4561,21,city_1
person_4562,22,city_2
person_4563,23,city_3
person_4564,24,city_4
person_4565,25,city_0
person_4566,26,city_1
person_4567,27,city_2
person_4568,28,city_3
person_4569,29,city_4
person_4570,30,city_0
person_4571,31,city_1
person_4572,32,city_2
person_4573,33,city_3
person_4574,34,city_4
person_4575,35,city_0
person_4576,36,city_1
person_4577,37,city_2
person_4578,38,city_3
person_4579,39,city_4
person_4580,40,city_0
person_4581,41,city_1
person_4582,42,city_2
person_4583,43,city_3
person_4584,44,city_4
person_4585,45,city_0
person_4586,46,city_1
person_4587,47,city_2
person_4588,48,city_3
person_4589,49,city_4
person_4590,20,city_0
person_4591,21,city_1
person_4592,22,city_2
person_4593,23,city_3
person_4594,24,city_4
person_4595,25,city_0
person_4596,26,city_1
person_4597,27,city_2
person_4598,28,city_3
person_4599,29,city_4
person_4600,30,city_0
person_4601,31,city_1
person_4602,32,city_2
person_4603,33,city_3
person_4604,34,city_4
person_4605,35,city_0
person_4606,36,city_1
person_4607,37,city_2
person_4608,38,city_3
person_4609,39,city_4
person_4610,40,city_0
person_4611,41,city_1
person_4612,42,city_2
person_4613,43,city_3
person_4614,44,city_4
person_4615,45,city_0
person_4616,46,city_1
person_4617,47,city_2
person_4618,48,city_3
person_4619,49,city_4
person_4620,20,city_0
person_4621,21,city_1
person_4622,22,city_2
person_4623,23,city_3
person_4624,24,city_4
person_4625,25,city_0
person_4626,26,city_1
person_4627,27,city_2
person_4628,28,city_3
person_4629,29,city_4
person_4630,30,city_0
person_4631,31,city_1
person_4632,32,city_2
person_4633,33,city_3
person_4634,34,city_4
person_4635,35,city_0
person_4636,36,city_1
person_4637,37,city_2
person_4638,38,city_3
person_4639,39,city_4
person_4640,40,city_0
person_4641,41,city_1
person_4642,42,city_2
person_4643,43,city_3
person_4644,44,city_4
person_4645,45,city_0
person_4646,46,city_1
person_4647,47,city_2
person_4648,48,city_3
person_4649,49,city_4
person_4650,20,city_0
person_4651,21,city_1
person_4652,22,city_2
person_4653,23,city_3
person_4654,24,city_4
person_4655,25,city_0
person_4656,26,city_1
person_4657,27,city_2
person_4658,28,city_3
person_4659,29,city_4
person_4660,30,city_0
person_4661,31,city_1
person_4662,32,city_2
person_4663,33,city_3
person_4664,34,city_4
person_4665,35,city_0
person_4666,36,city_1
person_4667,37,city_2
person_4668,38,city_3
person_4669,39,city_4
person_4670,40,city_0
person_4671,41,city_1
person_4672,42,city_2
person_4673,43,city_3
person_4674,44,city_4
person_4675,45,city_0
person_4676,46,city_1
person_4677,47,city_2
person_4678,48,city_3
person_4679,49,city_4
person_4680,20,city_0
person_4681,21,city_1
person_4682,22,city_2
person_4683,23,city_3
person_4684,24,city_4
person_4685,25,city_0
person_4686,26,city_1
person_4687,27,city_2
person_4688,28,city_3
person_4689,29,city_4
person_4690,30,city_0
person_4691,31,city_1
person_4692,32,city_2
person_4693,33,city_3
person_4694,34,city_4
person_4695,35,city_0
person_4696,36,city_1
person_4697,37,city_2
person_4698,38,city_3
person_4699,39,city_4
person_4700,40,city_0
person_4701,41,city_1
person_4702,42,city_2
person_4703,43,city_3
person_4704,44,city_4
person_4705,45,city_0
person_4706,46,city_1
person_4707,47,city_2
person_4708,48,city_3
person_4709,49,city_4
person_4710,20,city_0
person_4711,21,city_1
person_4712,22,city_2
person_4713,23,city_3
person_4714,24,city_4
person_4715,25,city_0
person_4716,26,city_1
person_4717,27,city_2
person_4718,28,city_3
person_4719,29,city_4
person_4720,30,city_0
person_4721,31,city_1
person_4722,32,city_2
person_4723,33,city_3
person_4724,34,city_4
person_4725,35,city_0
person_4726,36,city_1
person_4727,37,city_2
person_4728,38,city_3
person_4729,39,city_4
person_4730,40,city_0
person_4731,41,city_1
person_4732,42,city_2
person_4733,43,city_3
person_4734,44,city_4
person_4735,45,city_0
person_4736,46,city_1
person_4737,47,city_2
person_4738,48,city_3
person_4739,49,city_4
person_4740,20,city_0
person_4741,21,city_1
person_4742,22,city_2
person_4743,23,city_3
person_4744,24,city_4
person_4745,25,city_0
person_4746,26,city_1
person_4747,27,city_2
person_4748,28,city_3
person_4749,29,city_4
person_4750,30,city_0
person_4751,31,city_1
person_4752,32,city_2
person_4753,33,city_3
person_4754,34,city_4
person_4755,35,city_0
person_4756,36,city_1
person_4757,37,city_2
person_4758,38,city_3
person_4759,39,city_4
person_4760,40,city_0
person_4761,41,city_1
person_4762,42,city_2
person_4763,43,city_3
person_4764,44,city_4
person_4765,45,city_0
person_4766,46,city_1
person_4767,47,city_2
person_4768,48,city_3
person_4769,49,city_4
person_4770,20,city_0
person_4771,21,city_1
person_4772,22,city_2
person_4773,23,city_3
person_4774,24,city_4
person_4775,25,city_0
person_4776,26,city_1
person_4777,27,city_2
person_4778,28,city_3
person_4779,29,city_4
person_4780,30,city_0
person_4781,31,city_1
person_4782,32,city_2
person_4783,33,city_3
person_4784,34,city_4
person_4785,35,city_0
person_4786,36,city_1
person_4787,37,city_2
person_4788,38,city_3
person_4789,39,city_4
person_4790,40,city_0
person_4791,41,city_1
person_4792,42,city_2
person_4793,43,city_3
person_4794,44,city_4
person_4795,45,city_0
person_4796,46,city_1
person_4797,47,city_2
person_4798,48,city_3
person_4799,49,city_4
person_4800,20,city_0
person_4801,21,city_1
person_4802,22,city_2
person_4803,23,city_3
person_4804,24,city_4
person_4805,25,city_0
person_4806,26,city_1
person_4807,27,city_2
person_4808,28,city_3
person_4809,29,city_4
person_4810,30,city_0
person_4811,31,city_1
person_4812,32,city_2
person_4813,33,city_3
person_4814,34,city_4
person_4815,35,city_0
person_4816,36,city_1
person_4817,37,city_2
person_4818,38,city_3
person_4819,39,city_4
person_4820,40,city_0
person_4821,41,city_1
person_4822,42,city_2
person_4823,43,city_3
person_4824,44,city_4
person_4825,45,city_0
person_4826,46,city_1
person_4827,47,city_2
person_4828,48,city_3
person_4829,49,city_4
person_4830,20,city_0
person_4831,21,city_1
person_4832,22,city_2
person_4833,23,city_3
person_4834,24,city_4
person_4835,25,city_0
person_4836,26,city_1
person_4837,27,city_2
person_4838,28,city_3
person_4839,29,city_4
person_4840,30,city_0
person_4841,31,city_1
person_4842,32,city_2
person_4843,33,city_3
person_4844,34,city_4
person_4845,35,city_0
person_4846,36,city_1
person_4847,37,city_2
person_4848,38,city_3
person_4849,39,city_4
person_4850,40,city_0
person_4851,41,city_1
person_4852,42,city_2
person_4853,43,city_3
person_4854,44,city_4
person_4855,45,city_0
person_4856,46,city_1
person_4857,47,city_2
person_4858,48,city_3
person_4859,49,city_4
person_4860,20,city_0
person_4861,21,city_1
person_4862,22,city_2
person_4863,23,city_3
person_4864,24,city_4
person_4865,25,city_0
person_4866,26,city_1
person_4867,27,city_2
person_4868,28,city_3
person_4869,29,city_4
person_4870,30,city_0
person_4871,31,city_1
person_4872,32,city_2
person_4873,33,city_3
person_4874,34,city_4
person_4875,35,city_0
person_4876,36,city_1
person_4877,37,city_2
person_4878,38,city_3
person_4879,39,city_4
person_4880,40,city_0
person_4881,41,city_1
person_4882,42,city_2
person_4883,43,city_3
person_4884,44,city_4
person_4885,45,city_0
person_4886,46,city_1
person_4887,47,city_2
person_4888,48,city_3
person_4889,49,city_4
person_4890,20,city_0
person_4891,21,city_1
person_4892,22,city_2
person_4893,23,city_3
person_4894,24,city_4
person_4895,25,city_0
person_4896,26,city_1
person_4897,27,city_2
person_4898,28,city_3
person_4899,29,city_4
person_4900,30,city_0
person_4901,31,city_1
person_4902,32,city_2
person_4903,33,city_3
person_4904,34,city_4
person_4905,35,city_0
person_4906,36,city_1
person_4907,37,city_2
person_4908,38,city_3
person_4909,39,city_4
person_4910,40,city_0
person_4911,41,city_1
person_4912,42,city_2
person_4913,43,city_3
person_4914,44,city_4
person_4915,45,city_0
person_4916,46,city_1
person_4917,47,city_2
person_4918,48,city_3
person_4919,49,city_4
person_4920,20,city_0
person_4921,21,city_1
person_4922,22,city_2
person_4923,23,city_3
person_4924,24,city_4
person_4925,25,city_0
person_4926,26,city_1
person_4927,27,city_2
person_4928,28,city_3
person_4929,29,city_4
person_4930,30,city_0
person_4931,31,city_1
person_4932,32,city_2
person_4933,33,city_3
person_4934,34,city_4
person_4935,35,city_0
person_4936,36,city_1
person_4937,37,city_2
person_4938,38,city_3
person_4939,39,city_4
person_4940,40,city_0
person_4941,41,city_1
person_4942,42,city_2
person_4943,43,city_3
person_4944,44,city_4
person_4945,45,city_0
person_4946,46,city_1
person_4947,47,city_2
person_4948,48,city_3
person_4949,49,city_4
person_4950,20,city_0
person_4951,21,city_1
person_4952,22,city_2
person_4953,23,city_3
person_4954,24,city_4
person_4955,25,city_0
person_4956,26,city_1
person_4957,27,city_2
person_4958,28,city_3
person_4959,29,city_4
person_4960,30,city_0
person_4961,31,city_1
person_4962,32,city_2
person_4963,33,city_3
person_4964,34,city_4
person_4965,35,city_0
person_4966,36,city_1
person_4967,37,city_2
person_4968,38,city_3
person_4969,39,city_4
person_4970,40,city_0
person_4971,41,city_1
person_4972,42,city_2
person_4973,43,city_3
person_4974,44,city_4
person_4975,45,city_0
person_4976,46,city_1
person_4977,47,city_2
person_4978,48,city_3
person_4979,49,city_4
person_4980,20,city_0
person_4981,21,city_1
person_4982,22,city_2
person_4983,23,city_3
person_4984,24,city_4
person_4985,25,city_0
person_4986,26,city_1
person_4987,27,city_2
person_4988,28,city_3
person_4989,29,city_4
person_4990,30,city_0
person_4991,31,city_1
person_4992,32,city_2
person_4993,33,city_3
person_4994,34,city_4
person_4995,35,city_0
person_4996,36,city_1
person_4997,37,city_2
person_4998,38,city_3
person_4999,39,city_4
person_5000,40,city_0
person_5001,41,city_1
person_5002,42,city_2
person_5003,43,city_3
person_5004,44,city_4
person_5005,45,city_0
person_5006,46,city_1
person_5007,47,city_2
person_5008,48,city_3
person_5009,49,city_4
person_5010,20,city_0
person_5011,21,city_1
person_5012,22,city_2
person_5013,23,city_3
person_5014,24,city_4
person_5015,25,city_0
person_5016,26,city_1
person_5017,27,city_2
person_5018,28,city_3
person_5019,29,city_4
person_5020,30,city_0
person_5021,31,city_1
person_5022,32,city_2
person_5023,33,city_3
person_5024,34,city_4
person_5025,35,city_0
person_5026,36,city_1
person_5027,37,city_2
person_5028,38,city_3
person_5029,39,city_4
person_5030,40,city_0
person_5031,41,city_1
person_5032,42,city_2
person_5033,43,city_3
person_5034,44,city_4
person_5035,45,city_0
person_5036,46,city_1
person_5037,47,city_2
person_5038,48,city_3
person_5039,49,city_4
person_5040,20,city_0
person_5041,21,city_1
person_5042,22,city_2
person_5043,23,city_3
person_5044,24,city_4
person_5045,25,city_0
person_5046,26,city_1
person_5047,27,city_2
person_5048,28,city_3
person_5049,29,city_4
person_5050,30,city_0
person_5051,31,city_1
person_5052,32,city_2
person_5053,33,city_3
person_5054,34,city_4
person_5055,35,city_0
person_5056,36,city_1
person_5057,37,city_2
person_5058,38,city_3
person_5059,39,city_4
person_5060,40,city_0
person_5061,41,city_1
person_5062,42,city_2
person_5063,43,city_3
person_5064,44,city_4
person_5065,45,city_0
person_5066,46,city_1
person_5067,47,city_2
person_5068,48,city_3
person_5069,49,city_4
person_5070,20,city_0
person_5071,21,city_1
person_5072,22,city_2
person_5073,23,city_3
person_5074,24,city_4
person_5075,25,city_0
person_5076,26,city_1
person_5077,27,city_2
person_5078,28,city_3
person_5079,29,city_4
person_5080,30,city_0
person_5081,31,city_1
person_5082,32,city_2
person_5083,33,city_3
person_5084,34,city_4
person_5085,35,city_0
person_5086,36,city_1
person_5087,37,city_2
person_5088,38,city_3
person_5089,39,city_4
person_5090,40,city_0
person_5091,41,city_1
person_5092,42,city_2
person_5093,43,city_3
person_5094,44,city_4
person_5095,45,city_0
person_5096,46,city_1
person_5097,47,city_2
person_5098,48,city_3
person_5099,49,city_4
person_5100,20,city_0
person_5101,21,city_1
person_5102,22,city_2
person_5103,23,city_3
person_5104,24,city_4
person_5105,25,city_0
person_5106,26,city_1
person_5107,27,city_2
person_5108,28,city_3
person_5109,29,city_4
person_5110,30,city_0
person_5111,31,city_1
person_5112,32,city_2
person_5113,33,city_3
person_5114,34,city_4
person_5115,35,city_0
person_5116,36,city_1
person_5117,37,city_2
person_5118,38,city_3
person_5119,39,city_4
person_5120,40,city_0
person_5121,41,city_1
person_5122,42,city_2
person_5123,43,city_3
person_5124,44,city_4
person_5125,45,city_0
person_5126,46,city_1
person_5127,47,city_2
person_5128,48,city_3
person_5129,49,city_4
person_5130,20,city_0
person_5131,21,city_1
person_5132,22,city_2
person_5133,23,city_3
person_5134,24,city_4
person_5135,25,city_0
person_5136,26,city_1
person_5137,27,city_2
person_5138,28,city_3
person_5139,29,city_4
person_5140,30,city_0
person_5141,31,city_1
person_5142,32,city_2
person_5143,33,city_3
person_5144,34,city_4
person_5145,35,city_0
person_5146,36,city_1
person_5147,37,city_2
person_5148,38,city_3
person_5149,39,city_4
person_5150,40,city_0
person_5151,41,city_1
person_5152,42,city_2
person_5153,43,city_3
person_5154,44,city_4
person_5155,45,city_0
person_5156,46,city_1
person_5157,47,city_2
person_5158,48,city_3
person_5159,49,city_4
person_5160,20,city_0
person_5161,21,city_1
person_5162,22,city_2
person_5163,23,city_3
person_5164,24,city_4
person_5165,25,city_0
person_5166,26,city_1
person_5167,27,city_2
person_5168,28,city_3
person_5169,29,city_4
person_5170,30,city_0
person_5171,31,city_1
person_5172,32,city_2
person_5173,33,city_3
person_5174,34,city_4
person_5175,35,city_0
person_5176,36,city_1
person_5177,37,city_2
person_5178,38,city_3
person_5179,39,city_4
person_5180,40,city_0
person_5181,41,city_1
person_5182,42,city_2
person_5183,43,city_3
person_5184,44,city_4
person_5185,45,city_0
person_5186,46,city_1
person_5187,47,city_2
person_5188,48,city_3
person_5189,49,city_4
person_5190,20,city_0
person_5191,21,city_1
person_5192,22,city_2
person_5193,23,city_3
person_5194,24,city_4
person_5195,25,city_0
person_5196,26,city_1
person_5197,27,city_2
person_5198,28,city_3
person_5199,29,city_4
person_5200,30,city_0
person_5201,31,city_1
person_5202,32,city_2
person_5203,33,city_3
person_5204,34,city_4
person_5205,35,city_0
person_5206,36,city_1
person_5207,37,city_2
person_5208,38,city_3
person_5209,39,city_4
person_5210,40,city_0
person_5211,41,city_1
person_5212,42,city_2
person_5213,43,city_3
person_5214,44,city_4
person_5215,45,city_0
person_5216,46,city_1
person_5217,47,city_2
person_5218,48,city_3
person_5219,49,city_4
person_5220,20,city_0
person_5221,21,city_1
person_5222,22,city_2
person_5223,23,city_3
person_5224,24,city_4
person_5225,25,city_0
person_5226,26,city_1
person_5227,27,city_2
person_5228,28,city_3
person_5229,29,city_4
person_5230,30,city_0
person_5231,31,city_1
person_5232,32,city_2
person_5233,33,city_3
person_5234,34,city_4
person_5235,35,city_0
person_5236,36,city_1
person_5237,37,city_2
person_5238,38,city_3
person_5239,39,city_4
person_5240,40,city_0
person_5241,41,city_1
person_5242,42,city_2
person_5243,43,city_3
person_5244,44,city_4
person_5245,45,city_0
person_5246,46,city_1
person_5247,47,city_2
person_5248,48,city_3
person_5249,49,city_4
person_5250,20,city_0
person_5251,21,city_1
person_5252,22,city_2
person_5253,23,city_3
person_5254,24,city_4
person_5255,25,city_0
person_5256,26,city_1
person_5257,27,city_2
person_5258,28,city_3
person_5259,29,city_4
person_5260,30,city_0
person_5261,31,city_1
person_5262,32,city_2
person_5263,33,city_3
person_5264,34,city_4
person_5265,35,city_0
person_5266,36,city_1
person_5267,37,city_2
person_5268,38,city_3
person_5269,39,city_4
person_5270,40,city_0
person_5271,41,city_1
person_5272,42,city_2
person_5273,43,city_3
person_5274,44,city_4
person_5275,45,city_0
person_5276,46,city_1
person_5277,47,city_2
person_5278,48,city_3
person_5279,49,city_4
person_5280,20,city_0
person_5281,21,city_1
person_5282,22,city_2
person_5283,23,city_3
person_5284,24,city_4
person_5285,25,city_0
person_5286,26,city_1
person_5287,27,city_2
person_5288,28,city_3
person_5289,29,city_4
person_5290,30,city_0
person_5291,31,city_1
person_5292,32,city_2
person_5293,33,city_3
person_5294,34,city_4
person_5295,35,city_0
person_5296,36,city_1
person_5297,37,city_2
person_5298,38,city_3
person_5299,39,city_4
person_5300,40,city_0
person_5301,41,city_1
person_5302,42,city_2
person_5303,43,city_3
person_5304,44,city_4
person_5305,45,city_0
person_5306,46,city_1
person_5307,47,city_2
person_5308,48,city_3
person_5309,49,city_4
person_5310,20,city_0
person_5311,21,city_1
person_5312,22,city_2
person_5313,23,city_3
person_5314,24,city_4
person_5315,25,city_0
person_5316,26,city_1
person_5317,27,city_2
person_5318,28,city_3
person_5319,29,city_4
person_5320,30,city_0
person_5321,31,city_1
person_5322,32,city_2
person_5323,33,city_3
person_5324,34,city_4
person_5325,35,city_0
person_5326,36,city_1
person_5327,37,city_2
person_5328,38,city_3
person_5329,39,city_4
person_5330,40,city_0
person_5331,41,city_1
person_5332,42,city_2
person_5333,43,city_3
person_5334,44,city_4
person_5335,45,city_0
person_5336,46,city_1
person_5337,47,city_2
person_5338,48,city_3
person_5339,49,city_4
person_5340,20,city_0
person_5341,21,city_1
person_5342,22,city_2
person_5343,23,city_3
person_5344,24,city_4
person_5345,25,city_0
person_5346,26,city_1
person_5347,27,city_2
person_5348,28,city_3
person_5349,29,city_4
person_5350,30,city_0
person_5351,31,city_1
person_5352,32,city_2
person_5353,33,city_3
person_5354,34,city_4
person_5355,35,city_0
person_5356,36,city_1
person_5357,37,city_2
person_5358,38,city_3
person_5359,39,city_4
person_5360,40,city_0
person_5361,41,city_1
person_5362,42,city_2
person_5363,43,city_3
person_5364,44,city_4
person_5365,45,city_0
person_5366,46,city_1
person_5367,47,city_2
person_5368,48,city_3
person_5369,49,city_4
person_5370,20,city_0
person_5371,21,city_1
person_5372,22,city_2
person_5373,23,city_3
person_5374,24,city_4
person_5375,25,city_0
person_5376,26,city_1
person_5377,27,city_2
person_5378,28,city_3
person_5379,29,city_4
person_5380,30,city_0
person_5381,31,city_1
person_5382,32,city_2
person_5383,33,city_3
person_5384,34,city_4
person_5385,35,city_0
person_5386,36,city_1
person_5387,37,city_2
person_5388,38,city_3
person_5389,39,city_4
person_5390,40,city_0
person_5391,41,city_1
person_5392,42,city_2
person_5393,43,city_3
person_5394,44,city_4
person_5395,45,city_0
person_5396,46,city_1
person_5397,47,city_2
person_5398,48,city_3
person_5399,49,city_4
person_5400,20,city_0
person_5401,21,city_1
person_5402,22,city_2
person_5403,23,city_3
person_5404,24,city_4
person_5405,25,city_0
person_5406,26,city_1
person_5407,27,city_2
person_5408,28,city_3
person_5409,29,city_4
person_5410,30,city_0
person_5411,31,city_1
person_5412,32,city_2
person_5413,33,city_3
person_5414,34,city_4
person_5415,35,city_0
person_5416,36,city_1
person_5417,37,city_2
person_5418,38,city_3
person_5419,39,city_4
person_5420,40,city_0
person_5421,41,city_1
person_5422,42,city_2
person_5423,43,city_3
person_5424,44,city_4
person_5425,45,city_0
person_5426,46,city_1
person_5427,47,city_2
person_5428,48,city_3
person_5429,49,city_4
person_5430,20,city_0
person_5431,21,city_1
person_5432,22,city_2
person_5433,23,city_3
person_5434,24,city_4
person_5435,25,city_0
person_5436,26,city_1
person_5437,27,city_2
person_5438,28,city_3
person_5439,29,city_4
person_5440,30,city_0
person_5441,31,city_1
person_5442,32,city_2
person_5443,33,city_3
person_5444,34,city_4
person_5445,35,city_0
person_5446,36,city_1
person_5447,37,city_2
person_5448,38,city_3
person_5449,39,city_4
person_5450,40,city_0
person_5451,41,city_1
person_5452,42,city_2
person_5453,43,city_3
person_5454,44,city_4
person_5455,45,city_0
person_5456,46,city_1
person_5457,47,city_2
person_5458,48,city_3
person_5459,49,city_4
person_5460,20,city_0
person_5461,21,city_1
person_5462,22,city_2
person_5463,23,city_3
person_5464,24,city_4
person_5465,25,city_0
person_5466,26,city_1
person_5467,27,city_2
person_5468,28,city_3
person_5469,29,city_4
person_5470,30,city_0
person_5471,31,city_1
person_5472,32,city_2
person_5473,33,city_3
person_5474,34,city_4
person_5475,35,city_0
person_5476,36,city_1
person_5477,37,city_2
person_5478,38,city_3
person_5479,39,city_4
person_5480,40,city_0
person_5481,41,city_1
person_5482,42,city_2
person_5483,43,city_3
person_5484,44,city_4
person_5485,45,city_0
person_5486,46,city_1
person_5487,47,city_2
person_5488,48,city_3
person_5489,49,city_4
person_5490,20,city_0
person_5491,21,city_1
person_5492,22,city_2
person_5493,23,city_3
person_5494,24,city_4
person_5495,25,city_0
person_5496,26,city_1
person_5497,27,city_2
person_5498,28,city_3
person_5499,29,city_4
person_5500,30,city_0
person_5501,31,city_1
person_5502,32,city_2
person_5503,33,city_3
person_5504,34,city_4
person_5505,35,city_0
person_5506,36,city_1
person_5507,37,city_2
person_5508,38,city_3
person_5509,39,city_4
person_5510,40,city_0
person_5511,41,city_1
person_5512,42,city_2
person_5513,43,city_3
person_5514,44,city_4
person_5515,45,city_0
person_5516,46,city_1
person_5517,47,city_2
person_5518,48,city_3
person_5519,49,city_4
person_5520,20,city_0
person_5521,21,city_1
person_5522,22,city_2
person_5523,23,city_3
person_5524,24,city_4
person_5525,25,city_0
person_5526,26,city_1
person_5527,27,city_2
person_5528,28,city_3
person_5529,29,city_4
person_5530,30,city_0
person_5531,31,city_1
person_5532,32,city_2
person_5533,33,city_3
person_5534,34,city_4
person_5535,35,city_0
person_5536,36,city_1
person_5537,37,city_2
person_5538,38,city_3
person_5539,39,city_4
person_5540,40,city_0
person_5541,41,city_1
person_5542,42,city_2
person_5543,43,city_3
person_5544,44,city_4
person_5545,45,city_0
person_5546,46,city_1
person_5547,47,city_2
person_5548,48,city_3
person_5549,49,city_4
person_5550,20,city_0
person_5551,21,city_1
person_5552,22,city_2
person_5553,23,city_3
person_5554,24,city_4
person_5555,25,city_0
person_5556,26,city_1
person_5557,27,city_2
person_5558,28,city_3
person_5559,29,city_4
person_5560,30,city_0
person_5561,31,city_1
person_5562,32,city_2
person_5563,33,city_3
person_5564,34,city_4
person_5565,35,city_0
person_5566,36,city_1
person_5567,37,city_2
person_5568,38,city_3
person_5569,39,city_4
person_5570,40,city_0
person_5571,41,city_1
person_5572,42,city_2
person_5573,43,city_3
person_5574,44,city_4
person_5575,45,city_0
person_5576,46,city_1
person_5577,47,city_2
person_5578,48,city_3
person_5579,49,city_4
person_5580,20,city_0
person_5581,21,city_1
person_5582,22,city_2
person_5583,23,city_3
person_5584,24,city_4
person_5585,25,city_0
person_5586,26,city_1
person_5587,27,city_2
person_5588,28,city_3
person_5589,29,city_4
person_5590,30,city_0
person_5591,31,city_1
person_5592,32,city_2
person_5593,33,city_3
person_5594,34,city_4
person_5595,35,city_0
person_5596,36,city_1
person_5597,37,city_2
person_5598,38,city_3
person_5599,39,city_4
person_5600,40,city_0
person_5601,41,city_1
person_5602,42,city_2
person_5603,43,city_3
person_5604,44,city_4
person_5605,45,city_0
person_5606,46,city_1
person_5607,47,city_2
person_5608,48,city_3
person_5609,49,city_4
person_5610,20,city_0
person_5611,21,city_1
person_5612,22,city_2
person_5613,23,city_3
person_5614,24,city_4
person_5615,25,city_0
person_5616,26,city_1
person_5617,27,city_2
person_5618,28,city_3
person_5619,29,city_4
person_5620,30,city_0
person_5621,31,city_1
person_5622,32,city_2
person_5623,33,city_3
person_5624,34,city_4
person_5625,35,city_0
person_5626,36,city_1
person_5627,37,city_2
person_5628,38,city_3
person_5629,39,city_4
person_5630,40,city_0
person_5631,41,city_1
person_5632,42,city_2
person_5633,43,city_3
person_5634,44,city_4
person_5635,45,city_0
person_5636,46,city_1
person_5637,47,city_2
person_5638,48,city_3
person_5639,49,city_4
person_5640,20,city_0
person_5641,21,city_1
person_5642,22,city_2
person_5643,23,city_3
person_5644,24,city_4
person_5645,25,city_0
person_5646,26,city_1
person_5647,27,city_2
person_5648,28,city_3
person_5649,29,city_4
person_5650,30,city_0
person_5651,31,city_1
person_5652,32,city_2
person_5653,33,city_3
person_5654,34,city_4
person_5655,35,city_0
person_5656,36,city_1
person_5657,37,city_2
person_5658,38,city_3
person_5659,39,city_4
person_5660,40,city_0
person_5661,41,city_1
person_5662,42,city_2
person_5663,43,city_3
person_5664,44,city_4
person_5665,45,city_0
person_5666,46,city_1
person_5667,47,city_2
person_5668,48,city_3
person_5669,49,city_4
person_5670,20,city_0
person_5671,21,city_1
person_5672,22,city_2
person_5673,23,city_3
person_5674,24,city_4
person_5675,25,city_0
person_5676,26,city_1
person_5677,27,city_2
person_5678,28,city_3
person_5679,29,city_4
person_5680,30,city_0
person_5681,31,city_1
person_5682,32,city_2
person_5683,33,city_3
person_5684,34,city_4
person_5685,35,city_0
person_5686,36,city_1
person_5687,37,city_2
person_5688,38,city_3
person_5689,39,city_4
person_5690,40,city_0
person_5691,41,city_1
person_5692,42,city_2
person_5693,43,city_3
person_5694,44,city_4
person_5695,45,city_0
person_5696,46,city_1
person_5697,47,city_2
person_5698,48,city_3
person_5699,49,city_4
person_5700,20,city_0
person_5701,21,city_1
person_5702,22,city_2
person_5703,23,city_3
person_5704,24,city_4
person_5705,25,city_0
person_5706,26,city_1
person_5707,27,city_2
person_5708,28,city_3
person_5709,29,city_4
person_5710,30,city_0
person_5711,31,city_1
person_5712,32,city_2
person_5713,33,city_3
person_5714,34,city_4
person_5715,35,city_0
person_5716,36,city_1
person_5717,37,city_2
person_5718,38,city_3
person_5719,39,city_4
person_5720,40,city_0
person_5721,41,city_1
person_5722,42,city_2
person_5723,43,city_3
person_5724,44,city_4
person_5725,45,city_0
person_5726,46,city_1
person_5727,47,city_2
person_5728,48,city_3
person_5729,49,city_4
person_5730,20,city_0
person_5731,21,city_1
person_5732,22,city_2
person_5733,23,city_3
person_5734,24,city_4
person_5735,25,city_0
person_5736,26,city_1
person_5737,27,city_2
person_5738,28,city_3
person_5739,29,city_4
person_5740,30,city_0
person_5741,31,city_1
person_5742,32,city_2
person_5743,33,city_3
person_5744,34,city_4
person_5745,35,city_0
person_5746,36,city_1
person_5747,37,city_2
person_5748,38,city_3
person_5749,39,city_4
person_5750,40,city_0
person_5751,41,city_1
person_5752,42,city_2
person_5753,43,city_3
person_5754,44,city_4
person_5755,45,city_0
person_5756,46,city_1
person_5757,47,city_2
person_5758,48,city_3
person_5759,49,city_4
person_5760,20,city_0
person_5761,21,city_1
person_5762,22,city_2
person_5763,23,city_3
person_5764,24,city_4
person_5765,25,city_0
person_5766,26,city_1
person_5767,27,city_2
person_5768,28,city_3
person_5769,29,city_4
person_5770,30,city_0
person_5771,31,city_1
person_5772,32,city_2
person_5773,33,city_3
person_5774,34,city_4
person_5775,35,city_0
person_5776,36,city_1
person_5777,37,city_2
person_5778,38,city_3
person_5779,39,city_4
person_5780,40,city_0
person_5781,41,city_1
person_5782,42,city_2
person_5783,43,city_3
person_5784,44,city_4
person_5785,45,city_0
person_5786,46,city_1
person_5787,47,city_2
person_5788,48,city_3
person_5789,49,city_4
person_5790,20,city_0
person_5791,21,city_1
person_5792,22,city_2
person_5793,23,city_3
person_5794,24,city_4
person_5795,25,city_0
person_5796,26,city_1
person_5797,27,city_2
person_5798,28,city_3
person_5799,29,city_4
person_5800,30,city_0
person_5801,31,city_1
person_5802,32,city_2
person_5803,33,city_3
person_5804,34,city_4
person_5805,35,city_0
person_5806,36,city_1
person_5807,37,city_2
person_5808,38,city_3
person_5809,39,city_4
person_5810,40,city_0
person_5811,41,city_1
person_5812,42,city_2
person_5813,43,city_3
person_5814,44,city_4
person_5815,45,city_0
person_5816,46,city_1
person_5817,47,city_2
person_5818,48,city_3
person_5819,49,city_4
person_5820,20,city_0
person_5821,21,city_1
person_5822,22,city_2
person_5823,23,city_3
person_5824,24,city_4
person_5825,25,city_0
person_5826,26,city_1
person_5827,27,city_2
person_5828,28,city_3
person_5829,29,city_4
person_5830,30,city_0
person_5831,31,city_1
person_5832,32,city_2
person_5833,33,city_3
person_5834,34,city_4
person_5835,35,city_0
person_5836,36,city_1
person_5837,37,city_2
person_5838,38,city_3
person_5839,39,city_4
person_5840,40,city_0
person_5841,41,city_1
person_5842,42,city_2
person_5843,43,city_3
person_5844,44,city_4
person_5845,45,city_0
person_5846,46,city_1
person_5847,47,city_2
person_5848,48,city_3
person_5849,49,city_4
person_5850,20,city_0
person_5851,21,city_1
person_5852,22,city_2
person_5853,23,city_3
person_5854,24,city_4
person_5855,25,city_0
person_5856,26,city_1
person_5857,27,city_2
person_5858,28,city_3
person_5859,29,city_4
person_5860,30,city_0
person_5861,31,city_1
person_5862,32,city_2
person_5863,33,city_3
person_5864,34,city_4
person_5865,35,city_0
person_5866,36,city_1
person_5867,37,city_2
person_5868,38,city_3
person_5869,39,city_4
person_5870,40,city_0
person_5871,41,city_1
person_5872,42,city_2
person_5873,43,city_3
person_5874,44,city_4
person_5875,45,city_0
person_5876,46,city_1
person_5877,47,city_2
person_5878,48,city_3
person_5879,49,city_4
person_5880,20,city_0
person_5881,21,city_1
person_5882,22,city_2
person_5883,23,city_3
person_5884,24,city_4
person_5885,25,city_0
person_5886,26,city_1
person_5887,27,city_2
person_5888,28,city_3
person_5889,29,city_4
person_5890,30,city_0
person_5891,31,city_1
person_5892,32,city_2
person_5893,33,city_3
person_5894,34,city_4
person_5895,35,city_0
person_5896,36,city_1
person_5897,37,city_2
person_5898,38,city_3
person_5899,39,city_4
person_5900,40,city_0
person_5901,41,city_1
person_5902,42,city_2
person_5903,43,city_3
person_5904,44,city_4
person_5905,45,city_0
person_5906,46,city_1
person_5907,47,city_2
person_5908,48,city_3
person_5909,49,city_4
person_5910,20,city_0
person_5911,21,city_1
person_5912,22,city_2
person_5913,23,city_3
person_5914,24,city_4
person_5915,25,city_0
person_5916,26,city_1
person_5917,27,city_2
person_5918,28,city_3
person_5919,29,city_4
person_5920,30,city_0
person_5921,31,city_1
person_5922,32,city_2
person_5923,33,city_3
person_5924,34,city_4
person_5925,35,city_0
person_5926,36,city_1
person_5927,37,city_2
person_5928,38,city_3
person_5929,39,city_4
person_5930,40,city_0
person_5931,41,city_1
person_5932,42,city_2
person_5933,43,city_3
person_5934,44,city_4
person_5935,45,city_0
person_5936,46,city_1
person_5937,47,city_2
person_5938,48,city_3
person_5939,49,city_4
person_5940,20,city_0
person_5941,21,city_1
person_5942,22,city_2
person_5943,23,city_3
person_5944,24,city_4
person_5945,25,city_0
person_5946,26,city_1
person_5947,27,city_2
person_5948,28,city_3
person_5949,29,city_4
person_5950,30,city_0
person_5951,31,city_1
person_5952,32,city_2
person_5953,33,city_3
person_5954,34,city_4
person_5955,35,city_0
person_5956,36,city_1
person_5957,37,city_2
person_5958,38,city_3
person_5959,39,city_4
person_5960,40,city_0
person_5961,41,city_1
person_5962,42,city_2
person_5963,43,city_3
person_5964,44,city_4
person_5965,45,city_0
person_5966,46,city_1
person_5967,47,city_2
person_5968,48,city_3
person_5969,49,city_4
person_5970,20,city_0
person_5971,21,city_1
person_5972,22,city_2
person_5973,23,city_3
person_5974,24,city_4
person_5975,25,city_0
person_5976,26,city_1
person_5977,27,city_2
person_5978,28,city_3
person_5979,29,city_4
person_5980,30,city_0
person_5981,31,city_1
person_5982,32,city_2
person_5983,33,city_3
person_5984,34,city_4
person_5985,35,city_0
person_5986,36,city_1
person_5987,37,city_2
person_5988,38,city_3
person_5989,39,city_4
person_5990,40,city_0
person_5991,41,city_1
person_5992,42,city_2
person_5993,43,city_3
person_5994,44,city_4
person_5995,45,city_0
person_5996,46,city_1
person_5997,47,city_2
person_5998,48,city_3
person_5999,49,city_4
person_6000,20,city_0
person_6001,21,city_1
person_6002,22,city_2
person_6003,23,city_3
person_6004,24,city_4
person_6005,25,city_0
person_6006,26,city_1
person_6007,27,city_2
person_6008,28,city_3
person_6009,29,city_4
person_6010,30,city_0
person_6011,31,city_1
person_6012,32,city_2
person_6013,33,city_3
person_6014,34,city_4
person_6015,35,city_0
person_6016,36,city_1
person_6017,37,city_2
person_6018,38,city_3
person_6019,39,city_4
person_6020,40,city_0
person_6021,41,city_1
person_6022,42,city_2
person_6023,43,city_3
person_6024,44,city_4
person_6025,45,city_0
person_6026,46,city_1
person_6027,47,city_2
person_6028,48,city_3
person_6029,49,city_4
person_6030,20,city_0
person_6031,21,city_1
person_6032,22,city_2
person_6033,23,city_3
person_6034,24,city_4
person_6035,25,city_0
person_6036,26,city_1
person_6037,27,city_2
person_6038,28,city_3
person_6039,29,city_4
person_6040,30,city_0
person_6041,31,city_1
person_6042,32,city_2
person_6043,33,city_3
person_6044,34,city_4
person_6045,35,city_0
person_6046,36,city_1
person_6047,37,city_2
person_6048,38,city_3
person_6049,39,city_4
person_6050,40,city_0
person_6051,41,city_1
person_6052,42,city_2
person_6053,43,city_3
person_6054,44,city_4
person_6055,45,city_0
person_6056,46,city_1
person_6057,47,city_2
person_6058,48,city_3
person_6059,49,city_4
person_6060,20,city_0
person_6061,21,city_1
person_6062,22,city_2
person_6063,23,city_3
person_6064,24,city_4
person_6065,25,city_0
person_6066,26,city_1
person_6067,27,city_2
person_6068,28,city_3
person_6069,29,city_4
person_6070,30,city_0
person_6071,31,city_1
person_6072,32,city_2
person_6073,33,city_3
person_6074,34,city_4
person_6075,35,city_0
person_6076,36,city_1
person_6077,37,city_2
person_6078,38,city_3
person_6079,39,city_4
person_6080,40,city_0
person_6081,41,city_1
person_6082,42,city_2
person_6083,43,city_3
person_6084,44,city_4
person_6085,45,city_0
person_6086,46,city_1
person_6087,47,city_2
person_6088,48,city_3
person_6089,49,city_4
person_6090,20,city_0
person_6091,21,city_1
person_6092,22,city_2
person_6093,23,city_3
person_6094,24,city_4
person_6095,25,city_0
person_6096,26,city_1
person_6097,27,city_2
person_6098,28,city_3
person_6099,29,city_4
person_6100,30,city_0
person_6101,31,city_1
person_6102,32,city_2
person_6103,33,city_3
person_6104,34,city_4
person_6105,35,city_0
person_6106,36,city_1
person_6107,37,city_2
person_6108,38,city_3
person_6109,39,city_4
person_6110,40,city_0
person_6111,41,city_1
person_6112,42,city_2
person_6113,43,city_3
person_6114,44,city_4
person_6115,45,city_0
person_6116,46,city_1
person_6117,47,city_2
person_6118,48,city_3
person_6119,49,city_4
person_6120,20,city_0
person_6121,21,city_1
person_6122,22,city_2
person_6123,23,city_3
person_6124,24,city_4
person_6125,25,city_0
person_6126,26,city_1
person_6127,27,city_2
person_6128,28,city_3
person_6129,29,city_4
person_6130,30,city_0
person_6131,31,city_1
person_6132,32,city_2
person_6133,33,city_3
person_6134,34,city_4
person_6135,35,city_0
person_6136,36,city_1
person_6137,37,city_2
person_6138,38,city_3
person_6139,39,city_4
person_6140,40,city_0
person_6141,41,city_1
person_6142,42,city_2
person_6143,43,city_3
person_6144,44,city_4
person_6145,45,city_0
person_6146,46,city_1
person_6147,47,city_2
person_6148,48,city_3
person_6149,49,city_4
person_6150,20,city_0
person_6151,21,city_1
person_6152,22,city_2
person_6153,23,city_3
person_6154,24,city_4
person_6155,25,city_0
person_6156,26,city_1
person_6157,27,city_2
person_6158,28,city_3
person_6159,29,city_4
person_6160,30,city_0
person_6161,31,city_1
person_6162,32,city_2
person_6163,33,city_3
person_6164,34,city_4
person_6165,35,city_0
person_6166,36,city_1
person_6167,37,city_2
person_6168,38,city_3
person_6169,39,city_4
person_6170,40,city_0
person_6171,41,city_1
person_6172,42,city_2
person_6173,43,city_3
person_6174,44,city_4
person_6175,45,city_0
person_6176,46,city_1
person_6177,47,city_2
person_6178,48,city_3
person_6179,49,city_4
person_6180,20,city_0
person_6181,21,city_1
person_6182,22,city_2
person_6183,23,city_3
person_6184,24,city_4
person_6185,25,city_0
person_6186,26,city_1
person_6187,27,city_2
person_6188,28,city_3
person_6189,29,city_4
person_6190,30,city_0
person_6191,31,city_1
person_6192,32,city_2
person_6193,33,city_3
person_6194,34,city_4
person_6195,35,city_0
person_6196,36,city_1
person_6197,37,city_2
person_6198,38,city_3
person_6199,39,city_4
person_6200,40,city_0
person_6201,41,city_1
person_6202,42,city_2
person_6203,43,city_3
person_6204,44,city_4
person_6205,45,city_0
person_6206,46,city_1
person_6207,47,city_2
person_6208,48,city_3
person_6209,49,city_4
person_6210,20,city_0
person_6211,21,city_1
person_6212,22,city_2
person_6213,23,city_3
person_6214,24,city_4
person_6215,25,city_0
person_6216,26,city_1
person_6217,27,city_2
person_6218,28,city_3
person_6219,29,city_4
person_6220,30,city_0
person_6221,31,city_1
person_6222,32,city_2
person_6223,33,city_3
person_6224,34,city_4
person_6225,35,city_0
person_6226,36,city_1
person_6227,37,city_2
person_6228,38,city_3
person_6229,39,city_4
person_6230,40,city_0
person_6231,41,city_1
person_6232,42,city_2
person_6233,43,city_3
person_6234,44,city_4
person_6235,45,city_0
person_6236,46,city_1
person_6237,47,city_2
person_6238,48,city_3
person_6239,49,city_4
person_6240,20,city_0
person_6241,21,city_1
person_6242,22,city_2
person_6243,23,city_3
person_6244,24,city_4
person_6245,25,city_0
person_6246,26,city_1
person_6247,27,city_2
person_6248,28,city_3
person_6249,29,city_4
person_6250,30,city_0
person_6251,31,city_1
person_6252,32,city_2
person_6253,33,city_3
person_6254,34,city_4
person_6255,35,city_0
person_6256,36,city_1
person_6257,37,city_2
person_6258,38,city_3
person_6259,39,city_4
person_6260,40,city_0
person_6261,41,city_1
person_6262,42,city_2
person_6263,43,city_3
person_6264,44,city_4
person_6265,45,city_0
person_6266,46,city_1
person_6267,47,city_2
person_6268,48,city_3
person_6269,49,city_4
person_6270,20,city_0
person_6271,21,city_1
person_6272,22,city_2
person_6273,23,city_3
person_6274,24,city_4
person_6275,25,city_0
person_6276,26,city_1
person_6277,27,city_2
person_6278,28,city_3
person_6279,29,city_4
person_6280,30,city_0
person_6281,31,city_1
person_6282,32,city_2
person_6283,33,city_3
person_6284,34,city_4
person_6285,35,city_0
person_6286,36,city_1
person_6287,37,city_2
person_6288,38,city_3
person_6289,39,city_4
person_6290,40,city_0
person_6291,41,city_1
person_6292,42,city_2
person_6293,43,city_3
person_6294,44,city_4
person_6295,45,city_0
person_6296,46,city_1
person_6297,47,city_2
person_6298,48,city_3
person_6299,49,city_4
person_6300,20,city_0
person_6301,21,city_1
person_6302,22,city_2
person_6303,23,city_3
person_6304,24,city_4
person_6305,25,city_0
person_6306,26,city_1
person_6307,27,city_2
person_6308,28,city_3
person_6309,29,city_4
person_6310,30,city_0
person_6311,31,city_1
person_6312,32,city_2
person_6313,33,city_3
person_6314,34,city_4
person_6315,35,city_0
person_6316,36,city_1
person_6317,37,city_2
person_6318,38,city_3
person_6319,39,city_4
person_6320,40,city_0
person_6321,41,city_1
person_6322,42,city_2
person_6323,43,city_3
person_6324,44,city_4
person_6325,45,city_0
person_6326,46,city_1
person_6327,47,city_2
person_6328,48,city_3
person_6329,49,city_4
person_6330,20,city_0
person_6331,21,city_1
person_6332,22,city_2
person_6333,23,city_3
person_6334,24,city_4
person_6335,25,city_0
person_6336,26,city_1
person_6337,27,city_2
person_6338,28,city_3
person_6339,29,city_4
person_6340,30,city_0
person_6341,31,city_1
person_6342,32,city_2
person_6343,33,city_3
person_6344,34,city_4
person_6345,35,city_0
person_6346,36,city_1
person_6347,37,city_2
person_6348,38,city_3
person_6349,39,city_4
person_6350,40,city_0
person_6351,41,city_1
person_6352,42,city_2
person_6353,43,city_3
person_6354,44,city_4
person_6355,45,city_0
person_6356,46,city_1
person_6357,47,city_2
person_6358,48,city_3
person_6359,49,city_4
person_6360,20,city_0
person_6361,21,city_1
person_6362,22,city_2
person_6363,23,city_3
person_6364,24,city_4
person_6365,25,city_0
person_6366,26,city_1
person_6367,27,city_2
person_6368,28,city_3
person_6369,29,city_4
person_6370,30,city_0
person_6371,31,city_1
person_6372,32,city_2
person_6373,33,city_3
person_6374,34,city_4
person_6375,35,city_0
person_6376,36,city_1
person_6377,37,city_2
person_6378,38,city_3
person_6379,39,city_4
person_6380,40,city_0
person_6381,41,city_1
person_6382,42,city_2
person_6383,43,city_3
person_6384,44,city_4
person_6385,45,city_0
person_6386,46,city_1
person_6387,47,city_2
person_6388,48,city_3
person_6389,49,city_4
person_6390,20,city_0
person_6391,21,city_1
person_6392,22,city_2
person_6393,23,city_3
person_6394,24,city_4
person_6395,25,city_0
person_6396,26,city_1
person_6397,27,city_2
person_6398,28,city_3
person_6399,29,city_4
person_6400,30,city_0
person_6401,31,city_1
person_6402,32,city_2
person_6403,33,city_3
person_6404,34,city_4
person_6405,35,city_0
person_6406,36,city_1
person_6407,37,city_2
person_6408,38,city_3
person_6409,39,city_4
person_6410,40,city_0
person_6411,41,city_1
person_6412,42,city_2
person_6413,43,city_3
person_6414,44,city_4
person_6415,45,city_0
person_6416,46,city_1
person_6417,47,city_2
person_6418,48,city_3
person_6419,49,city_4
person_6420,20,city_0
person_6421,21,city_1
person_6422,22,city_2
person_6423,23,city_3
person_6424,24,city_4
person_6425,25,city_0
person_6426,26,city_1
person_6427,27,city_2
person_6428,28,city_3
person_6429,29,city_4
person_6430,30,city_0
person_6431,31,city_1
person_6432,32,city_2
person_6433,33,city_3
person_6434,34,city_4
person_6435,35,city_0
person_6436,36,city_1
person_6437,37,city_2
person_6438,38,city_3
person_6439,39,city_4
person_6440,40,city_0
person_6441,41,city_1
person_6442,42,city_2
person_6443,43,city_3
person_6444,44,city_4
person_6445,45,city_0
person_6446,46,city_1
person_6447,47,city_2
person_6448,48,city_3
person_6449,49,city_4
person_6450,20,city_0
person_6451,21,city_1
person_6452,22,city_2
person_6453,23,city_3
person_6454,24,city_4
person_6455,25,city_0
person_6456,26,city_1
person_6457,27,city_2
person_6458,28,city_3
person_6459,29,city_4
person_6460,30,city_0
person_6461,31,city_1
person_6462,32,city_2
person_6463,33,city_3
person_6464,34,city_4
person_6465,35,city_0
person_6466,36,city_1
person_6467,37,city_2
person_6468,38,city_3
person_6469,39,city_4
person_6470,40,city_0
person_6471,41,city_1
person_6472,42,city_2
person_6473,43,city_3
person_6474,44,city_4
person_6475,45,city_0
person_6476,46,city_1
person_6477,47,city_2
person_6478,48,city_3
person_6479,49,city_4
person_6480,20,city_0
person_6481,21,city_1
person_6482,22,city_2
person_6483,23,city_3
person_6484,24,city_4
person_6485,25,city_0
person_6486,26,city_1
person_6487,27,city_2
person_6488,28,city_3
person_6489,29,city_4
person_6490,30,city_0
person_6491,31,city_1
person_6492,32,city_2
person_6493,33,city_3
person_6494,34,city_4
person_6495,35,city_0
person_6496,36,city_1
person_6497,37,city_2
person_6498,38,city_3
person_6499,39,city_4
person_6500,40,city_0
person_6501,41,city_1
person_6502,42,city_2
person_6503,43,city_3
person_6504,44,city_4
person_6505,45,city_0
person_6506,46,city_1
person_6507,47,city_2
person_6508,48,city_3
person_6509,49,city_4
person_6510,20,city_0
person_6511,21,city_1
person_6512,22,city_2
person_6513,23,city_3
person_6514,24,city_4
person_6515,25,city_0
person_6516,26,city_1
person_6517,27,city_2
person_6518,28,city_3
person_6519,29,city_4
person_6520,30,city_0
person_6521,31,city_1
person_6522,32,city_2
person_6523,33,city_3
person_6524,34,city_4
person_6525,35,city_0
person_6526,36,city_1
person_6527,37,city_2
person_6528,38,city_3
person_6529,39,city_4
person_6530,40,city_0
person_6531,41,city_1
person_6532,42,city_2
person_6533,43,city_3
person_6534,44,city_4
person_6535,45,city_0
person_6536,46,city_1
person_6537,47,city_2
person_6538,48,city_3
person_6539,49,city_4
person_6540,20,city_0
person_6541,21,city_1
person_6542,22,city_2
person_6543,23,city_3
person_6544,24,city_4
person_6545,25,city_0
person_6546,26,city_1
person_6547,27,city_2
person_6548,28,city_3
person_6549,29,city_4
person_6550,30,city_0
person_6551,31,city_1
person_6552,32,city_2
person_6553,33,city_3
person_6554,34,city_4
person_6555,35,city_0
person_6556,36,city_1
person_6557,37,city_2
person_6558,38,city_3
person_6559,39,city_4
person_6560,40,city_0
person_6561,41,city_1
person_6562,42,city_2
person_6563,43,city_3
person_6564,44,city_4
person_6565,45,city_0
person_6566,46,city_1
person_6567,47,city_2
person_6568,48,city_3
person_6569,49,city_4
person_6570,20,city_0
person_6571,21,city_1
person_6572,22,city_2
person_6573,23,city_3
person_6574,24,city_4
person_6575,25,city_0
person_6576,26,city_1
person_6577,27,city_2
person_6578,28,city_3
person_6579,29,city_4
person_6580,30,city_0
person_6581,31,city_1
person_6582,32,city_2
person_6583,33,city_3
person_6584,34,city_4
person_6585,35,city_0
person_6586,36,city_1
person_6587,37,city_2
person_6588,38,city_3
person_6589,39,city_4
person_6590,40,city_0
person_6591,41,city_1
person_6592,42,city_2
person_6593,43,city_3
person_6594,44,city_4
person_6595,45,city_0
person_6596,46,city_1
person_6597,47,city_2
person_6598,48,city_3
person_6599,49,city_4
person_6600,20,city_0
person_6601,21,city_1
person_6602,22,city_2
person_6603,23,city_3
person_6604,24,city_4
person_6605,25,city_0
person_6606,26,city_1
person_6607,27,city_2
person_6608,28,city_3
person_6609,29,city_4
person_6610,30,city_0
person_6611,31,city_1
person_6612,32,city_2
person_6613,33,city_3
person_6614,34,city_4
person_6615,35,city_0
person_6616,36,city_1
person_6617,37,city_2
person_6618,38,city_3
person_6619,39,city_4
person_6620,40,city_0
person_6621,41,city_1
person_6622,42,city_2
person_6623,43,city_3
person_6624,44,city_4
person_6625,45,city_0
person_6626,46,city_1
person_6627,47,city_2
person_6628,48,city_3
person_6629,49,city_4
person_6630,20,city_0
person_6631,21,city_1
person_6632,22,city_2
person_6633,23,city_3
person_6634,24,city_4
person_6635,25,city_0
person_6636,26,city_1
person_6637,27,city_2
person_6638,28,city_3
person_6639,29,city_4
person_6640,30,city_0
person_6641,31,city_1
person_6642,32,city_2
person_6643,33,city_3
person_6644,34,city_4
person_6645,35,city_0
person_6646,36,city_1
person_6647,37,city_2
person_6648,38,city_3
person_6649,39,city_4
person_6650,40,city_0
person_6651,41,city_1
person_6652,42,city_2
person_6653,43,city_3
person_6654,44,city_4
person_6655,45,city_0
person_6656,46,city_1
person_6657,47,city_2
person_6658,48,city_3
person_6659,49,city_4
person_6660,20,city_0
person_6661,21,city_1
person_6662,22,city_2
person_6663,23,city_3
person_6664,24,city_4
person_6665,25,city_0
person_6666,26,city_1
person_6667,27,city_2
person_6668,28,city_3
person_6669,29,city_4
person_6670,30,city_0
person_6671,31,city_1
person_6672,32,city_2
person_6673,33,city_3
person_6674,34,city_4
person_6675,35,city_0
person_6676,36,city_1
person_6677,37,city_2
person_6678,38,city_3
person_6679,39,city_4
person_6680,40,city_0
person_6681,41,city_1
person_6682,42,city_2
person_6683,43,city_3
person_6684,44,city_4
person_6685,45,city_0
person_6686,46,city_1
person_6687,47,city_2
person_6688,48,city_3
person_6689,49,city_4
person_6690,20,city_0
person_6691,21,city_1
person_6692,22,city_2
person_6693,23,city_3
person_6694,24,city_4
person_6695,25,city_0
person_6696,26,city_1
person_6697,27,city_2
person_6698,28,city_3
person_6699,29,city_4
person_6700,30,city_0
person_6701,31,city_1
person_6702,32,city_2
person_6703,33,city_3
person_6704,34,city_4
person_6705,35,city_0
person_6706,36,city_1
person_6707,37,city_2
person_6708,38,city_3
person_6709,39,city_4
person_6710,40,city_0
person_6711,41,city_1
person_6712,42,city_2
person_6713,43,city_3
person_6714,44,city_4
person_6715,45,city_0
person_6716,46,city_1
person_6717,47,city_2
person_6718,48,city_3
person_6719,49,city_4
person_6720,20,city_0
person_6721,21,city_1
person_6722,22,city_2
person_6723,23,city_3
person_6724,24,city_4
person_6725,25,city_0
person_6726,26,city_1
person_6727,27,city_2
person_6728,28,city_3
person_6729,29,city_4
person_6730,30,city_0
person_6731,31,city_1
person_6732,32,city_2
person_6733,33,city_3
person_6734,34,city_4
person_6735,35,city_0
person_6736,36,city_1
person_6737,37,city_2
person_6738,38,city_3
person_6739,39,city_4
person_6740,40,city_0
person_6741,41,city_1
person_6742,42,city_2
person_6743,43,city_3
person_6744,44,city_4
person_6745,45,city_0
person_6746,46,city_1
person_6747,47,city_2
person_6748,48,city_3
person_6749,49,city_4
person_6750,20,city_0
person_6751,21,city_1
person_6752,22,city_2
person_6753,23,city_3
person_6754,24,city_4
person_6755,25,city_0
person_6756,26,city_1
person_6757,27,city_2
person_6758,28,city_3
person_6759,29,city_4
person_6760,30,city_0
person_6761,31,city_1
person_6762,32,city_2
person_6763,33,city_3
person_6764,34,city_4
person_6765,35,city_0
person_6766,36,city_1
person_6767,37,city_2
person_6768,38,city_3
person_6769,39,city_4
person_6770,40,city_0
person_6771,41,city_1
person_6772,42,city_2
person_6773,43,city_3
person_6774,44,city_4
person_6775,45,city_0
person_6776,46,city_1
person_6777,47,city_2
person_6778,48,city_3
person_6779,49,city_4
person_6780,20,city_0
person_6781,21,city_1
person_6782,22,city_2
person_6783,23,city_3
person_6784,24,city_4
person_6785,25,city_0
person_6786,26,city_1
person_6787,27,city_2
person_6788,28,city_3
person_6789,29,city_4
person_6790,30,city_0
person_6791,31,city_1
person_6792,32,city_2
person_6793,33,city_3
person_6794,34,city_4
person_6795,35,city_0
person_6796,36,city_1
person_6797,37,city_2
person_6798,38,city_3
person_6799,39,city_4
person_6800,40,city_0
person_6801,41,city_1
person_6802,42,city_2
person_6803,43,city_3
person_6804,44,city_4
person_6805,45,city_0
person_6806,46,city_1
person_6807,47,city_2
person_6808,48,city_3
person_6809,49,city_4
person_6810,20,city_0
person_6811,21,city_1
person_6812,22,city_2
person_6813,23,city_3
person_6814,24,city_4
person_6815,25,city_0
person_6816,26,city_1
person_6817,27,city_2
person_6818,28,city_3
person_6819,29,city_4
person_6820,30,city_0
person_6821,31,city_1
person_6822,32,city_2
person_6823,33,city_3
person_6824,34,city_4
person_6825,35,city_0
person_6826,36,city_1
person_6827,37,city_2
person_6828,38,city_3
person_6829,39,city_4
person_6830,40,city_0
person_6831,41,city_1
person_6832,42,city_2
person_6833,43,city_3
person_6834,44,city_4
person_6835,45,city_0
person_6836,46,city_1
person_6837,47,city_2
person_6838,48,city_3
person_6839,49,city_4
person_6840,20,city_0
person_6841,21,city_1
person_6842,22,city_2
person_6843,23,city_3
person_6844,24,city_4
person_6845,25,city_0
person_6846,26,city_1
person_6847,27,city_2
person_6848,28,city_3
person_6849,29,city_4
person_6850,30,city_0
person_6851,31,city_1
person_6852,32,city_2
person_6853,33,city_3
person_6854,34,city_4
person_6855,35,city_0
person_6856,36,city_1
person_6857,37,city_2
person_6858,38,city_3
person_6859,39,city_4
person_6860,40,city_0
person_6861,41,city_1
person_6862,42,city_2
person_6863,43,city_3
person_6864,44,city_4
person_6865,45,city_0
person_6866,46,city_1
person_6867,47,city_2
person_6868,48,city_3
person_6869,49,city_4
person_6870,20,city_0
person_6871,21,city_1
person_6872,22,city_2
person_6873,23,city_3
person_6874,24,city_4
person_6875,25,city_0
person_6876,26,city_1
person_6877,27,city_2
person_6878,28,city_3
person_6879,29,city_4
person_6880,30,city_0
person_6881,31,city_1
person_6882,32,city_2
person_6883,33,city_3
person_6884,34,city_4
person_6885,35,city_0
person_6886,36,city_1
person_6887,37,city_2
person_6888,38,city_3
person_6889,39,city_4
person_6890,40,city_0
person_6891,41,city_1
person_6892,42,city_2
person_6893,43,city_3
person_6894,44,city_4
person_6895,45,city_0
person_6896,46,city_1
person_6897,47,city_2
person_6898,48,city_3
person_6899,49,city_4
person_6900,20,city_0
person_6901,21,city_1
person_6902,22,city_2
person_6903,23,city_3
person_6904,24,city_4
person_6905,25,city_0
person_6906,26,city_1
person_6907,27,city_2
person_6908,28,city_3
person_6909,29,city_4
person_6910,30,city_0
person_6911,31,city_1
person_6912,32,city_2
person_6913,33,city_3
person_6914,34,city_4
person_6915,35,city_0
person_6916,36,city_1
person_6917,37,city_2
person_6918,38,city_3
person_6919,39,city_4
person_6920,40,city_0
person_6921,41,city_1
person_6922,42,city_2
person_6923,43,city_3
person_6924,44,city_4
person_6925,45,city_0
person_6926,46,city_1
person_6927,47,city_2
person_6928,48,city_3
person_6929,49,city_4
person_6930,20,city_0
person_6931,21,city_1
person_6932,22,city_2
person_6933,23,city_3
person_6934,24,city_4
person_6935,25,city_0
person_6936,26,city_1
person_6937,27,city_2
person_6938,28,city_3
person_6939,29,city_4
person_6940,30,city_0
person_6941,31,city_1
person_6942,32,city_2
person_6943,33,city_3
person_6944,34,city_4
person_6945,35,city_0
person_6946,36,city_1
person_6947,37,city_2
person_6948,38,city_3
person_6949,39,city_4
person_6950,40,city_0
person_6951,41,city_1
person_6952,42,city_2
person_6953,43,city_3
person_6954,44,city_4
person_6955,45,city_0
person_6956,46,city_1
person_6957,47,city_2
person_6958,48,city_3
person_6959,49,city_4
person_6960,20,city_0
person_6961,21,city_1
person_6962,22,city_2
person_6963,23,city_3
person_6964,24,city_4
person_6965,25,city_0
person_6966,26,city_1
person_6967,27,city_2
person_6968,28,city_3
person_6969,29,city_4
person_6970,30,city_0
person_6971,31,city_1
person_6972,32,city_2
person_6973,33,city_3
person_6974,34,city_4
person_6975,35,city_0
person_6976,36,city_1
person_6977,37,city_2
person_6978,38,city_3
person_6979,39,city_4
person_6980,40,city_0
person_6981,41,city_1
person_6982,42,city_2
person_6983,43,city_3
person_6984,44,city_4
person_6985,45,city_0
person_6986,46,city_1
person_6987,47,city_2
person_6988,48,city_3
person_6989,49,city_4
person_6990,20,city_0
person_6991,21,city_1
person_6992,22,city_2
person_6993,23,city_3
person_6994,24,city_4
person_6995,25,city_0
person_6996,26,city_1
person_6997,27,city_2
person_6998,28,city_3
person_6999,29,city_4
person_7000,30,city_0
person_7001,31,city_1
person_7002,32,city_2
person_7003,33,city_3
person_7004,34,city_4
person_7005,35,city_0
person_7006,36,city_1
person_7007,37,city_2
person_7008,38,city_3
person_7009,39,city_4
person_7010,40,city_0
person_7011,41,city_1
person_7012,42,city_2
person_7013,43,city_3
person_7014,44,city_4
person_7015,45,city_0
person_7016,46,city_1
person_7017,47,city_2
person_7018,48,city_3
person_7019,49,city_4
person_7020,20,city_0
person_7021,21,city_1
person_7022,22,city_2
person_7023,23,city_3
person_7024,24,city_4
person_7025,25,city_0
person_7026,26,city_1
person_7027,27,city_2
person_7028,28,city_3
person_7029,29,city_4
person_7030,30,city_0
person_7031,31,city_1
person_7032,32,city_2
person_7033,33,city_3
person_7034,34,city_4
person_7035,35,city_0
person_7036,36,city_1
person_7037,37,city_2
person_7038,38,city_3
person_7039,39,city_4
person_7040,40,city_0
person_7041,41,city_1
person_7042,42,city_2
person_7043,43,city_3
person_7044,44,city_4
person_7045,45,city_0
person_7046,46,city_1
person_7047,47,city_2
person_7048,48,city_3
person_7049,49,city_4
person_7050,20,city_0
person_7051,21,city_1
person_7052,22,city_2
person_7053,23,city_3
person_7054,24,city_4
person_7055,25,city_0
person_7056,26,city_1
person_7057,27,city_2
person_7058,28,city_3
person_7059,29,city_4
person_7060,30,city_0
person_7061,31,city_1
person_7062,32,city_2
person_7063,33,city_3
person_7064,34,city_4
person_7065,35,city_0
person_7066,36,city_1
person_7067,37,city_2
person_7068,38,city_3
person_7069,39,city_4
person_7070,40,city_0
person_7071,41,city_1
person_7072,42,city_2
person_7073,43,city_3
person_7074,44,city_4
person_7075,45,city_0
person_7076,46,city_1
person_7077,47,city_2
person_7078,48,city_3
person_7079,49,city_4
person_7080,20,city_0
person_7081,21,city_1
person_7082,22,city_2
person_7083,23,city_3
person_7084,24,city_4
person_7085,25,city_0
person_7086,26,city_1
person_7087,27,city_2
person_7088,28,city_3
person_7089,29,city_4
person_7090,30,city_0
person_7091,31,city_1
person_7092,32,city_2
person_7093,33,city_3
person_7094,34,city_4
person_7095,35,city_0
person_7096,36,city_1
person_7097,37,city_2
person_7098,38,city_3
person_7099,39,city_4
person_7100,40,city_0
person_7101,41,city_1
person_7102,42,city_2
person_7103,43,city_3
person_7104,44,city_4
person_7105,45,city_0
person_7106,46,city_1
person_7107,47,city_2
person_7108,48,city_3
person_7109,49,city_4
person_7110,20,city_0
person_7111,21,city_1
person_7112,22,city_2
person_7113,23,city_3
person_7114,24,city_4
person_7115,25,city_0
person_7116,26,city_1
person_7117,27,city_2
person_7118,28,city_3
person_7119,29,city_4
person_7120,30,city_0
person_7121,31,city_1
person_7122,32,city_2
person_7123,33,city_3
person_7124,34,city_4
person_7125,35,city_0
person_7126,36,city_1
person_7127,37,city_2
person_7128,38,city_3
person_7129,39,city_4
person_7130,40,city_0
person_7131,41,city_1
person_7132,42,city_2
person_7133,43,city_3
person_7134,44,city_4
person_7135,45,city_0
person_7136,46,city_1
person_7137,47,city_2
person_7138,48,city_3
person_7139,49,city_4
person_7140,20,city_0
person_7141,21,city_1
person_7142,22,city_2
person_7143,23,city_3
person_7144,24,city_4
person_7145,25,city_0
person_7146,26,city_1
person_7147,27,city_2
person_7148,28,city_3
person_7149,29,city_4
person_7150,30,city_0
person_7151,31,city_1
person_7152,32,city_2
person_7153,33,city_3
person_7154,34,city_4
person_7155,35,city_0
person_7156,36,city_1
person_7157,37,city_2
person_7158,38,city_3
person_7159,39,city_4
person_7160,40,city_0
person_7161,41,city_1
person_7162,42,city_2
person_7163,43,city_3
person_7164,44,city_4
person_7165,45,city_0
person_7166,46,city_1
person_7167,47,city_2
person_7168,48,city_3
person_7169,49,city_4
person_7170,20,city_0
person_7171,21,city_1
person_7172,22,city_2
person_7173,23,city_3
person_7174,24,city_4
person_7175,25,city_0
person_7176,26,city_1
person_7177,27,city_2
person_7178,28,city_3
person_7179,29,city_4
person_7180,30,city_0
person_7181,31,city_1
person_7182,32,city_2
person_7183,33,city_3
person_7184,34,city_4
person_7185,35,city_0
person_7186,36,city_1
person_7187,37,city_2
person_7188,38,city_3
person_7189,39,city_4
person_7190,40,city_0
person_7191,41,city_1
person_7192,42,city_2
person_7193,43,city_3
person_7194,44,city_4
person_7195,45,city_0
person_7196,46,city_1
person_7197,47,city_2
person_7198,48,city_3
person_7199,49,city_4
person_7200,20,city_0
person_7201,21,city_1
person_7202,22,city_2
person_7203,23,city_3
person_7204,24,city_4
person_7205,25,city_0
person_7206,26,city_1
person_7207,27,city_2
person_7208,28,city_3
person_7209,29,city_4
person_7210,30,city_0
person_7211,31,city_1
person_7212,32,city_2
person_7213,33,city_3
person_7214,34,city_4
person_7215,35,city_0
person_7216,36,city_1
person_7217,37,city_2
person_7218,38,city_3
person_7219,39,city_4
person_7220,40,city_0
person_7221,41,city_1
person_7222,42,city_2
person_7223,43,city_3
person_7224,44,city_4
person_7225,45,city_0
person_7226,46,city_1
person_7227,47,city_2
person_7228,48,city_3
person_7229,49,city_4
person_7230,20,city_0
person_7231,21,city_1
person_7232,22,city_2
person_7233,23,city_3
person_7234,24,city_4
person_7235,25,city_0
person_7236,26,city_1
person_7237,27,city_2
person_7238,28,city_3
person_7239,29,city_4
person_7240,30,city_0
person_7241,31,city_1
person_7242,32,city_2
person_7243,33,city_3
person_7244,34,city_4
person_7245,35,city_0
person_7246,36,city_1
person_7247,37,city_2
person_7248,38,city_3
person_7249,39,city_4
person_7250,40,city_0
person_7251,41,city_1
person_7252,42,city_2
person_7253,43,city_3
person_7254,44,city_4
person_7255,45,city_0
person_7256,46,city_1
person_7257,47,city_2
person_7258,48,city_3
person_7259,49,city_4
person_7260,20,city_0
person_7261,21,city_1
person_7262,22,city_2
person_7263,23,city_3
person_7264,24,city_4
person_7265,25,city_0
person_7266,26,city_1
person_7267,27,city_2
person_7268,28,city_3
person_7269,29,city_4
person_7270,30,city_0
person_7271,31,city_1
person_7272,32,city_2
person_7273,33,city_3
person_7274,34,city_4
person_7275,35,city_0
person_7276,36,city_1
person_7277,37,city_2
person_7278,38,city_3
person_7279,39,city_4
person_7280,40,city_0
person_7281,41,city_1
person_7282,42,city_2
person_7283,43,city_3
person_7284,44,city_4
person_7285,45,city_0
person_7286,46,city_1
person_7287,47,city_2
person_7288,48,city_3
person_7289,49,city_4
person_7290,20,city_0
person_7291,21,city_1
person_7292,22,city_2
person_7293,23,city_3
person_7294,24,city_4
person_7295,25,city_0
person_7296,26,city_1
person_7297,27,city_2
person_7298,28,city_3
person_7299,29,city_4
person_7300,30,city_0
person_7301,31,city_1
person_7302,32,city_2
person_7303,33,city_3
person_7304,34,city_4
person_7305,35,city_0
person_7306,36,city_1
person_7307,37,city_2
person_7308,38,city_3
person_7309,39,city_4
person_7310,40,city_0
person_7311,41,city_1
person_7312,42,city_2
person_7313,43,city_3
person_7314,44,city_4
person_7315,45,city_0
person_7316,46,city_1
person_7317,47,city_2
person_7318,48,city_3
person_7319,49,city_4
person_7320,20,city_0
person_7321,21,city_1
person_7322,22,city_2
person_7323,23,city_3
person_7324,24,city_4
person_7325,25,city_0
person_7326,26,city_1
person_7327,27,city_2
person_7328,28,city_3
person_7329,29,city_4
person_7330,30,city_0
person_7331,31,city_1
person_7332,32,city_2
person_7333,33,city_3
person_7334,34,city_4
person_7335,35,city_0
person_7336,36,city_1
person_7337,37,city_2
person_7338,38,city_3
person_7339,39,city_4
person_7340,40,city_0
person_7341,41,city_1
person_7342,42,city_2
person_7343,43,city_3
person_7344,44,city_4
person_7345,45,city_0
person_7346,46,city_1
person_7347,47,city_2
person_7348,48,city_3
person_7349,49,city_4
person_7350,20,city_0
person_7351,21,city_1
person_7352,22,city_2
person_7353,23,city_3
person_7354,24,city_4
person_7355,25,city_0
person_7356,26,city_1
person_7357,27,city_2
person_7358,28,city_3
person_7359,29,city_4
person_7360,30,city_0
person_7361,31,city_1
person_7362,32,city_2
person_7363,33,city_3
person_7364,34,city_4
person_7365,35,city_0
person_7366,36,city_1
person_7367,37,city_2
person_7368,38,city_3
person_7369,39,city_4
person_7370,40,city_0
person_7371,41,city_1
person_7372,42,city_2
person_7373,43,city_3
person_7374,44,city_4
person_7375,45,city_0
person_7376,46,city_1
person_7377,47,city_2
person_7378,48,city_3
person_7379,49,city_4
person_7380,20,city_0
person_7381,21,city_1
person_7382,22,city_2
person_7383,23,city_3
person_7384,24,city_4
person_7385,25,city_0
person_7386,26,city_1
person_7387,27,city_2
person_7388,28,city_3
person_7389,29,city_4
person_7390,30,city_0
person_7391,31,city_1
person_7392,32,city_2
person_7393,33,city_3
person_7394,34,city_4
person_7395,35,city_0
person_7396,36,city_1
person_7397,37,city_2
person_7398,38,city_3
person_7399,39,city_4
person_7400,40,city_0
person_7401,41,city_1
person_7402,42,city_2
person_7403,43,city_3
person_7404,44,city_4
person_7405,45,city_0
person_7406,46,city_1
person_7407,47,city_2
person_7408,48,city_3
person_7409,49,city_4
person_7410,20,city_0
person_7411,21,city_1
person_7412,22,city_2
person_7413,23,city_3
person_7414,24,city_4
person_7415,25,city_0
person_7416,26,city_1
person_7417,27,city_2
person_7418,28,city_3
person_7419,29,city_4
person_7420,30,city_0
person_7421,31,city_1
person_7422,32,city_2
person_7423,33,city_3
person_7424,34,city_4
person_7425,35,city_0
person_7426,36,city_1
person_7427,37,city_2
person_7428,38,city_3
person_7429,39,city_4
person_7430,40,city_0
person_7431,41,city_1
person_7432,42,city_2
person_7433,43,city_3
person_7434,44,city_4
person_7435,45,city_0
person_7436,46,city_1
person_7437,47,city_2
person_7438,48,city_3
person_7439,49,city_4
person_7440,20,city_0
person_7441,21,city_1
person_7442,22,city_2
person_7443,23,city_3
person_7444,24,city_4
person_7445,25,city_0
person_7446,26,city_1
person_7447,27,city_2
person_7448,28,city_3
person_7449,29,city_4
person_7450,30,city_0
person_7451,31,city_1
person_7452,32,city_2
person_7453,33,city_3
person_7454,34,city_4
person_7455,35,city_0
person_7456,36,city_1
person_7457,37,city_2
person_7458,38,city_3
person_7459,39,city_4
person_7460,40,city_0
person_7461,41,city_1
person_7462,42,city_2
person_7463,43,city_3
person_7464,44,city_4
person_7465,45,city_0
person_7466,46,city_1
person_7467,47,city_2
person_7468,48,city_3
person_7469,49,city_4
person_7470,20,city_0
person_7471,21,city_1
person_7472,22,city_2
person_7473,23,city_3
person_7474,24,city_4
person_7475,25,city_0
person_7476,26,city_1
person_7477,27,city_2
person_7478,28,city_3
person_7479,29,city_4
person_7480,30,city_0
person_7481,31,city_1
person_7482,32,city_2
person_7483,33,city_3
person_7484,34,city_4
person_7485,35,city_0
person_7486,36,city_1
person_7487,37,city_2
person_7488,38,city_3
person_7489,39,city_4
person_7490,40,city_0
person_7491,41,city_1
person_7492,42,city_2
person_7493,43,city_3
person_7494,44,city_4
person_7495,45,city_0
person_7496,46,city_1
person_7497,47,city_2
person_7498,48,city_3
person_7499,49,city_4
person_7500,20,city_0
person_7501,21,city_1
person_7502,22,city_2
person_7503,23,city_3
person_7504,24,city_4
person_7505,25,city_0
person_7506,26,city_1
person_7507,27,city_2
person_7508,28,city_3
person_7509,29,city_4
person_7510,30,city_0
person_7511,31,city_1
person_7512,32,city_2
person_7513,33,city_3
person_7514,34,city_4
person_7515,35,city_0
person_7516,36,city_1
person_7517,37,city_2
person_7518,38,city_3
person_7519,39,city_4
person_7520,40,city_0
person_7521,41,city_1
person_7522,42,city_2
person_7523,43,city_3
person_7524,44,city_4
person_7525,45,city_0
person_7526,46,city_1
person_7527,47,city_2
person_7528,48,city_3
person_7529,49,city_4
person_7530,20,city_0
person_7531,21,city_1
person_7532,22,city_2
person_7533,23,city_3
person_7534,24,city_4
person_7535,25,city_0
person_7536,26,city_1
person_7537,27,city_2
person_7538,28,city_3
person_7539,29,city_4
person_7540,30,city_0
person_7541,31,city_1
person_7542,32,city_2
person_7543,33,city_3
person_7544,34,city_4
person_7545,35,city_0
person_7546,36,city_1
person_7547,37,city_2
person_7548,38,city_3
person_7549,39,city_4
person_7550,40,city_0
person_7551,41,city_1
person_7552,42,city_2
person_7553,43,city_3
person_7554,44,city_4
person_7555,45,city_0
person_7556,46,city_1
person_7557,47,city_2
person_7558,48,city_3
person_7559,49,city_4
person_7560,20,city_0
person_7561,21,city_1
person_7562,22,city_2
person_7563,23,city_3
person_7564,24,city_4
person_7565,25,city_0
person_7566,26,city_1
person_7567,27,city_2
person_7568,28,city_3
person_7569,29,city_4
person_7570,30,city_0
person_7571,31,city_1
person_7572,32,city_2
person_7573,33,city_3
person_7574,34,city_4
person_7575,35,city_0
person_7576,36,city_1
person_7577,37,city_2
person_7578,38,city_3
person_7579,39,city_4
person_7580,40,city_0
person_7581,41,city_1
person_7582,42,city_2
person_7583,43,city_3
person_7584,44,city_4
person_7585,45,city_0
person_7586,46,city_1
person_7587,47,city_2
person_7588,48,city_3
person_7589,49,city_4
person_7590,20,city_0
person_7591,21,city_1
person_7592,22,city_2
person_7593,23,city_3
person_7594,24,city_4
person_7595,25,city_0
person_7596,26,city_1
person_7597,27,city_2
person_7598,28,city_3
person_7599,29,city_4
person_7600,30,city_0
person_7601,31,city_1
person_7602,32,city_2
person_7603,33,city_3
person_7604,34,city_4
person_7605,35,city_0
person_7606,36,city_1
person_7607,37,city_2
person_7608,38,city_3
person_7609,39,city_4
person_7610,40,city_0
person_7611,41,city_1
person_7612,42,city_2
person_7613,43,city_3
person_7614,44,city_4
person_7615,45,city_0
person_7616,46,city_1
person_7617,47,city_2
person_7618,48,city_3
person_7619,49,city_4
person_7620,20,city_0
person_7621,21,city_1
person_7622,22,city_2
person_7623,23,city_3
person_7624,24,city_4
person_7625,25,city_0
person_7626,26,city_1
person_7627,27,city_2
person_7628,28,city_3
person_7629,29,city_4
person_7630,30,city_0
person_7631,31,city_1
person_7632,32,city_2
person_7633,33,city_3
person_7634,34,city_4
person_7635,35,city_0
person_7636,36,city_1
person_7637,37,city_2
person_7638,38,city_3
person_7639,39,city_4
person_7640,40,city_0
person_7641,41,city_1
person_7642,42,city_2
person_7643,43,city_3
person_7644,44,city_4
person_7645,45,city_0
person_7646,46,city_1
person_7647,47,city_2
person_7648,48,city_3
person_7649,49,city_4
person_7650,20,city_0
person_7651,21,city_1
person_7652,22,city_2
person_7653,23,city_3
person_7654,24,city_4
person_7655,25,city_0
person_7656,26,city_1
person_7657,27,city_2
person_7658,28,city_3
person_7659,29,city_4
person_7660,30,city_0
person_7661,31,city_1
person_7662,32,city_2
person_7663,33,city_3
person_7664,34,city_4
person_7665,35,city_0
person_7666,36,city_1
person_7667,37,city_2
person_7668,38,city_3
person_7669,39,city_4
person_7670,40,city_0
person_7671,41,city_1
person_7672,42,city_2
person_7673,43,city_3
person_7674,44,city_4
person_7675,45,city_0
person_7676,46,city_1
person_7677,47,city_2
person_7678,48,city_3
person_7679,49,city_4
person_7680,20,city_0
person_7681,21,city_1
person_7682,22,city_2
person_7683,23,city_3
person_7684,24,city_4
person_7685,25,city_0
person_7686,26,city_1
person_7687,27,city_2
person_7688,28,city_3
person_7689,29,city_4
person_7690,30,city_0
person_7691,31,city_1
person_7692,32,city_2
person_7693,33,city_3
person_7694,34,city_4
person_7695,35,city_0
person_7696,36,city_1
person_7697,37,city_2
person_7698,38,city_3
person_7699,39,city_4
person_7700,40,city_0
person_7701,41,city_1
person_7702,42,city_2
person_7703,43,city_3
person_7704,44,city_4
person_7705,45,city_0
person_7706,46,city_1
person_7707,47,city_2
person_7708,48,city_3
person_7709,49,city_4
person_7710,20,city_0
person_7711,21,city_1
person_7712,22,city_2
person_7713,23,city_3
person_7714,24,city_4
person_7715,25,city_0
person_7716,26,city_1
person_7717,27,city_2
person_7718,28,city_3
person_7719,29,city_4
person_7720,30,city_0
person_7721,31,city_1
person_7722,32,city_2
person_7723,33,city_3
person_7724,34,city_4
person_7725,35,city_0
person_7726,36,city_1
person_7727,37,city_2
person_7728,38,city_3
person_7729,39,city_4
person_7730,40,city_0
person_7731,41,city_1
person_7732,42,city_2
person_7733,43,city_3
person_7734,44,city_4
person_7735,45,city_0
person_7736,46,city_1
person_7737,47,city_2
person_7738,48,city_3
person_7739,49,city_4
person_7740,20,city_0
person_7741,21,city_1
person_7742,22,city_2
person_7743,23,city_3
person_7744,24,city_4
person_7745,25,city_0
person_7746,26,city_1
person_7747,27,city_2
person_7748,28,city_3
person_7749,29,city_4
person_7750,30,city_0
person_7751,31,city_1
person_7752,32,city_2
person_7753,33,city_3
person_7754,34,city_4
person_7755,35,city_0
person_7756,36,city_1
person_7757,37,city_2
person_7758,38,city_3
person_7759,39,city_4
person_7760,40,city_0
person_7761,41,city_1
person_7762,42,city_2
person_7763,43,city_3
person_7764,44,city_4
person_7765,45,city_0
person_7766,46,city_1
person_7767,47,city_2
person_7768,48,city_3
person_7769,49,city_4
person_7770,20,city_0
person_7771,21,city_1
person_7772,22,city_2
person_7773,23,city_3
person_7774,24,city_4
person_7775,25,city_0
person_7776,26,city_1
person_7777,27,city_2
person_7778,28,city_3
person_7779,29,city_4
person_7780,30,city_0
person_7781,31,city_1
person_7782,32,city_2
person_7783,33,city_3
person_7784,34,city_4
person_7785,35,city_0
person_7786,36,city_1
person_7787,37,city_2
person_7788,38,city_3
person_7789,39,city_4
person_7790,40,city_0
person_7791,41,city_1
person_7792,42,city_2
person_7793,43,city_3
person_7794,44,city_4
person_7795,45,city_0
person_7796,46,city_1
person_7797,47,city_2
person_7798,48,city_3
person_7799,49,city_4
person_7800,20,city_0
person_7801,21,city_1
person_7802,22,city_2
person_7803,23,city_3
person_7804,24,city_4
person_7805,25,city_0
person_7806,26,city_1
person_7807,27,city_2
person_7808,28,city_3
person_7809,29,city_4
person_7810,30,city_0
person_7811,31,city_1
person_7812,32,city_2
person_7813,33,city_3
person_7814,34,city_4
person_7815,35,city_0
person_7816,36,city_1
person_7817,37,city_2
person_7818,38,city_3
person_7819,39,city_4
person_7820,40,city_0
person_7821,41,city_1
person_7822,42,city_2
person_7823,43,city_3
person_7824,44,city_4
person_7825,45,city_0
person_7826,46,city_1
person_7827,47,city_2
person_7828,48,city_3
person_7829,49,city_4
person_7830,20,city_0
person_7831,21,city_1
person_7832,22,city_2
person_7833,23,city_3
person_7834,24,city_4
person_7835,25,city_0
person_7836,26,city_1
person_7837,27,city_2
person_7838,28,city_3
person_7839,29,city_4
person_7840,30,city_0
person_7841,31,city_1
person_7842,32,city_2
person_7843,33,city_3
person_7844,34,city_4
person_7845,35,city_0
person_7846,36,city_1
person_7847,37,city_2
person_7848,38,city_3
person_7849,39,city_4
person_7850,40,city_0
person_7851,41,city_1
person_7852,42,city_2
person_7853,43,city_3
person_7854,44,city_4
person_7855,45,city_0
person_7856,46,city_1
person_7857,47,city_2
person_7858,48,city_3
person_7859,49,city_4
person_7860,20,city_0
person_7861,21,city_1
person_7862,22,city_2
person_7863,23,city_3
person_7864,24,city_4
person_7865,25,city_0
person_7866,26,city_1
person_7867,27,city_2
person_7868,28,city_3
person_7869,29,city_4
person_7870,30,city_0
person_7871,31,city_1
person_7872,32,city_2
person_7873,33,city_3
person_7874,34,city_4
person_7875,35,city_0
person_7876,36,city_1
person_7877,37,city_2
person_7878,38,city_3
person_7879,39,city_4
person_7880,40,city_0
person_7881,41,city_1
person_7882,42,city_2
person_7883,43,city_3
person_7884,44,city_4
person_7885,45,city_0
person_7886,46,city_1
person_7887,47,city_2
person_7888,48,city_3
person_7889,49,city_4
person_7890,20,city_0
person_7891,21,city_1
person_7892,22,city_2
person_7893,23,city_3
person_7894,24,city_4
person_7895,25,city_0
person_7896,26,city_1
person_7897,27,city_2
person_7898,28,city_3
person_7899,29,city_4
person_7900,30,city_0
person_7901,31,city_1
person_7902,32,city_2
person_7903,33,city_3
person_7904,34,city_4
person_7905,35,city_0
person_7906,36,city_1
person_7907,37,city_2
person_7908,38,city_3
person_7909,39,city_4
person_7910,40,city_0
person_7911,41,city_1
person_7912,42,city_2
person_7913,43,city_3
person_7914,44,city_4
person_7915,45,city_0
person_7916,46,city_1
person_7917,47,city_2
person_7918,48,city_3
person_7919,49,city_4
person_7920,20,city_0
person_7921,21,city_1
person_7922,22,city_2
person_7923,23,city_3
person_7924,24,city_4
person_7925,25,city_0
person_7926,26,city_1
person_7927,27,city_2
person_7928,28,city_3
person_7929,29,city_4
person_7930,30,city_0
person_7931,31,city_1
person_7932,32,city_2
person_7933,33,city_3
person_7934,34,city_4
person_7935,35,city_0
person_7936,36,city_1
person_7937,37,city_2
person_7938,38,city_3
person_7939,39,city_4
person_7940,40,city_0
person_7941,41,city_1
person_7942,42,city_2
person_7943,43,city_3
person_7944,44,city_4
person_7945,45,city_0
person_7946,46,city_1
person_7947,47,city_2
person_7948,48,city_3
person_7949,49,city_4
person_7950,20,city_0
person_7951,21,city_1
person_7952,22,city_2
person_7953,23,city_3
person_7954,24,city_4
person_7955,25,city_0
person_7956,26,city_1
person_7957,27,city_2
person_7958,28,city_3
person_7959,29,city_4
person_7960,30,city_0
person_7961,31,city_1
person_7962,32,city_2
person_7963,33,city_3
person_7964,34,city_4
person_7965,35,city_0
person_7966,36,city_1
person_7967,37,city_2
person_7968,38,city_3
person_7969,39,city_4
person_7970,40,city_0
person_7971,41,city_1
person_7972,42,city_2
person_7973,43,city_3
person_7974,44,city_4
person_7975,45,city_0
person_7976,46,city_1
person_7977,47,city_2
person_7978,48,city_3
person_7979,49,city_4
person_7980,20,city_0
person_7981,21,city_1
person_7982,22,city_2
person_7983,23,city_3
person_7984,24,city_4
person_7985,25,city_0
person_7986,26,city_1
person_7987,27,city_2
person_7988,28,city_3
person_7989,29,city_4
person_7990,30,city_0
person_7991,31,city_1
person_7992,32,city_2
person_7993,33,city_3
person_7994,34,city_4
person_7995,35,city_0
person_7996,36,city_1
person_7997,37,city_2
person_7998,38,city_3
person_7999,39,city_4
person_8000,40,city_0
person_8001,41,city_1
person_8002,42,city_2
person_8003,43,city_3
person_8004,44,city_4
person_8005,45,city_0
person_8006,46,city_1
person_8007,47,city_2
person_8008,48,city_3
person_8009,49,city_4
person_8010,20,city_0
person_8011,21,city_1
person_8012,22,city_2
person_8013,23,city_3
person_8014,24,city_4
person_8015,25,city_0
person_8016,26,city_1
person_8017,27,city_2
person_8018,28,city_3
person_8019,29,city_4
person_8020,30,city_0
person_8021,31,city_1
person_8022,32,city_2
person_8023,33,city_3
person_8024,34,city_4
person_8025,35,city_0
person_8026,36,city_1
person_8027,37,city_2
person_8028,38,city_3
person_8029,39,city_4
person_8030,40,city_0
person_8031,41,city_1
person_8032,42,city_2
person_8033,43,city_3
person_8034,44,city_4
person_8035,45,city_0
person_8036,46,city_1
person_8037,47,city_2
person_8038,48,city_3
person_8039,49,city_4
person_8040,20,city_0
person_8041,21,city_1
person_8042,22,city_2
person_8043,23,city_3
person_8044,24,city_4
person_8045,25,city_0
person_8046,26,city_1
person_8047,27,city_2
person_8048,28,city_3
person_8049,29,city_4
person_8050,30,city_0
person_8051,31,city_1
person_8052,32,city_2
person_8053,33,city_3
person_8054,34,city_4
person_8055,35,city_0
person_8056,36,city_1
person_8057,37,city_2
person_8058,38,city_3
person_8059,39,city_4
person_8060,40,city_0
person_8061,41,city_1
person_8062,42,city_2
person_8063,43,city_3
person_8064,44,city_4
person_8065,45,city_0
person_8066,46,city_1
person_8067,47,city_2
person_8068,48,city_3
person_8069,49,city_4
person_8070,20,city_0
person_8071,21,city_1
person_8072,22,city_2
person_8073,23,city_3
person_8074,24,city_4
person_8075,25,city_0
person_8076,26,city_1
person_8077,27,city_2
person_8078,28,city_3
person_8079,29,city_4
person_8080,30,city_0
person_8081,31,city_1
person_8082,32,city_2
person_8083,33,city_3
person_8084,34,city_4
person_8085,35,city_0
person_8086,36,city_1
person_8087,37,city_2
person_8088,38,city_3
person_8089,39,city_4
person_8090,40,city_0
person_8091,41,city_1
person_8092,42,city_2
person_8093,43,city_3
person_8094,44,city_4
person_8095,45,city_0
person_8096,46,city_1
person_8097,47,city_2
person_8098,48,city_3
person_8099,49,city_4
person_8100,20,city_0
person_8101,21,city_1
person_8102,22,city_2
person_8103,23,city_3
person_8104,24,city_4
person_8105,25,city_0
person_8106,26,city_1
person_8107,27,city_2
person_8108,28,city_3
person_8109,29,city_4
person_8110,30,city_0
person_8111,31,city_1
person_8112,32,city_2
person_8113,33,city_3
person_8114,34,city_4
person_8115,35,city_0
person_8116,36,city_1
person_8117,37,city_2
person_8118,38,city_3
person_8119,39,city_4
person_8120,40,city_0
person_8121,41,city_1
person_8122,42,city_2
person_8123,43,city_3
person_8124,44,city_4
person_8125,45,city_0
person_8126,46,city_1
person_8127,47,city_2
person_8128,48,city_3
person_8129,49,city_4
person_8130,20,city_0
person_8131,21,city_1
person_8132,22,city_2
person_8133,23,city_3
person_8134,24,city_4
person_8135,25,city_0
person_8136,26,city_1
person_8137,27,city_2
person_8138,28,city_3
person_8139,29,city_4
person_8140,30,city_0
person_8141,31,city_1
person_8142,32,city_2
person_8143,33,city_3
person_8144,34,city_4
person_8145,35,city_0
person_8146,36,city_1
person_8147,37,city_2
person_8148,38,city_3
person_8149,39,city_4
person_8150,40,city_0
person_8151,41,city_1
person_8152,42,city_2
person_8153,43,city_3
person_8154,44,city_4
person_8155,45,city_0
person_8156,46,city_1
person_8157,47,city_2
person_8158,48,city_3
person_8159,49,city_4
person_8160,20,city_0
person_8161,21,city_1
person_8162,22,city_2
person_8163,23,city_3
person_8164,24,city_4
person_8165,25,city_0
person_8166,26,city_1
person_8167,27,city_2
person_8168,28,city_3
person_8169,29,city_4
person_8170,30,city_0
person_8171,31,city_1
person_8172,32,city_2
person_8173,33,city_3
person_8174,34,city_4
person_8175,35,city_0
person_8176,36,city_1
person_8177,37,city_2
person_8178,38,city_3
person_8179,39,city_4
person_8180,40,city_0
person_8181,41,city_1
person_8182,42,city_2
person_8183,43,city_3
person_8184,44,city_4
person_8185,45,city_0
person_8186,46,city_1
person_8187,47,city_2
person_8188,48,city_3
person_8189,49,city_4
person_8190,20,city_0
person_8191,21,city_1
person_8192,22,city_2
person_8193,23,city_3
person_8194,24,city_4
person_8195,25,city_0
person_8196,26,city_1
person_8197,27,city_2
person_8198,28,city_3
person_8199,29,city_4
person_8200,30,city_0
person_8201,31,city_1
person_8202,32,city_2
person_8203,33,city_3
person_8204,34,city_4
person_8205,35,city_0
person_8206,36,city_1
person_8207,37,city_2
person_8208,38,city_3
person_8209,39,city_4
person_8210,40,city_0
person_8211,41,city_1
person_8212,42,city_2
person_8213,43,city_3
person_8214,44,city_4
person_8215,45,city_0
person_8216,46,city_1
person_8217,47,city_2
person_8218,48,city_3
person_8219,49,city_4
person_8220,20,city_0
person_8221,21,city_1
person_8222,22,city_2
person_8223,23,city_3
person_8224,24,city_4
person_8225,25,city_0
person_8226,26,city_1
person_8227,27,city_2
person_8228,28,city_3
person_8229,29,city_4
person_8230,30,city_0
person_8231,31,city_1
person_8232,32,city_2
person_8233,33,city_3
person_8234,34,city_4
person_8235,35,city_0
person_8236,36,city_1
person_8237,37,city_2
person_8238,38,city_3
person_8239,39,city_4
person_8240,40,city_0
person_8241,41,city_1
person_8242,42,city_2
person_8243,43,city_3
person_8244,44,city_4
person_8245,45,city_0
person_8246,46,city_1
person_8247,47,city_2
person_8248,48,city_3
person_8249,49,city_4
person_8250,20,city_0
person_8251,21,city_1
person_8252,22,city_2
person_8253,23,city_3
person_8254,24,city_4
person_8255,25,city_0
person_8256,26,city_1
person_8257,27,city_2
person_8258,28,city_3
person_8259,29,city_4
person_8260,30,city_0
person_8261,31,city_1
person_8262,32,city_2
person_8263,33,city_3
person_8264,34,city_4
person_8265,35,city_0
person_8266,36,city_1
person_8267,37,city_2
person_8268,38,city_3
person_8269,39,city_4
person_8270,40,city_0
person_8271,41,city_1
person_8272,42,city_2
person_8273,43,city_3
person_8274,44,city_4
person_8275,45,city_0
person_8276,46,city_1
person_8277,47,city_2
person_8278,48,city_3
person_8279,49,city_4
person_8280,20,city_0
person_8281,21,city_1
person_8282,22,city_2
person_8283,23,city_3
person_8284,24,city_4
person_8285,25,city_0
person_8286,26,city_1
person_8287,27,city_2
person_8288,28,city_3
person_8289,29,city_4
person_8290,30,city_0
person_8291,31,city_1
person_8292,32,city_2
person_8293,33,city_3
person_8294,34,city_4
person_8295,35,city_0
person_8296,36,city_1
person_8297,37,city_2
person_8298,38,city_3
person_8299,39,city_4
person_8300,40,city_0
person_8301,41,city_1
person_8302,42,city_2
person_8303,43,city_3
person_8304,44,city_4
person_8305,45,city_0
person_8306,46,city_1
person_8307,47,city_2
person_8308,48,city_3
person_8309,49,city_4
person_8310,20,city_0
person_8311,21,city_1
person_8312,22,city_2
person_8313,23,city_3
person_8314,24,city_4
person_8315,25,city_0
person_8316,26,city_1
person_8317,27,city_2
person_8318,28,city_3
person_8319,29,city_4
person_8320,30,city_0
person_8321,31,city_1
person_8322,32,city_2
person_8323,33,city_3
person_8324,34,city_4
person_8325,35,city_0
person_8326,36,city_1
person_8327,37,city_2
person_8328,38,city_3
person_8329,39,city_4
person_8330,40,city_0
person_8331,41,city_1
person_8332,42,city_2
person_8333,43,city_3
person_8334,44,city_4
person_8335,45,city_0
person_8336,46,city_1
person_8337,47,city_2
person_8338,48,city_3
person_8339,49,city_4
person_8340,20,city_0
person_8341,21,city_1
person_8342,22,city_2
person_8343,23,city_3
person_8344,24,city_4
person_8345,25,city_0
person_8346,26,city_1
person_8347,27,city_2
person_8348,28,city_3
person_8349,29,city_4
person_8350,30,city_0
person_8351,31,city_1
person_8352,32,city_2
person_8353,33,city_3
person_8354,34,city_4
person_8355,35,city_0
person_8356,36,city_1
person_8357,37,city_2
person_8358,38,city_3
person_8359,39,city_4
person_8360,40,city_0
person_8361,41,city_1
person_8362,42,city_2
person_8363,43,city_3
person_8364,44,city_4
person_8365,45,city_0
person_8366,46,city_1
person_8367,47,city_2
person_8368,48,city_3
person_8369,49,city_4
person_8370,20,city_0
person_8371,21,city_1
person_8372,22,city_2
person_8373,23,city_3
person_8374,24,city_4
person_8375,25,city_0
person_8376,26,city_1
person_8377,27,city_2
person_8378,28,city_3
person_8379,29,city_4
person_8380,30,city_0
person_8381,31,city_1
person_8382,32,city_2
person_8383,33,city_3
person_8384,34,city_4
person_8385,35,city_0
person_8386,36,city_1
person_8387,37,city_2
person_8388,38,city_3
person_8389,39,city_4
person_8390,40,city_0
person_8391,41,city_1
person_8392,42,city_2
person_8393,43,city_3
person_8394,44,city_4
person_8395,45,city_0
person_8396,46,city_1
person_8397,47,city_2
person_8398,48,city_3
person_8399,49,city_4
person_8400,20,city_0
person_8401,21,city_1
person_8402,22,city_2
person_8403,23,city_3
person_8404,24,city_4
person_8405,25,city_0
person_8406,26,city_1
person_8407,27,city_2
person_8408,28,city_3
person_8409,29,city_4
person_8410,30,city_0
person_8411,31,city_1
person_8412,32,city_2
person_8413,33,city_3
person_8414,34,city_4
person_8415,35,city_0
person_8416,36,city_1
person_8417,37,city_2
person_8418,38,city_3
person_8419,39,city_4
person_8420,40,city_0
person_8421,41,city_1
person_8422,42,city_2
person_8423,43,city_3
person_8424,44,city_4
person_8425,45,city_0
person_8426,46,city_1
person_8427,47,city_2
person_8428,48,city_3
person_8429,49,city_4
person_8430,20,city_0
person_8431,21,city_1
person_8432,22,city_2
person_8433,23,city_3
person_8434,24,city_4
person_8435,25,city_0
person_8436,26,city_1
person_8437,27,city_2
person_8438,28,city_3
person_8439,29,city_4
person_8440,30,city_0
person_8441,31,city_1
person_8442,32,city_2
person_8443,33,city_3
person_8444,34,city_4
person_8445,35,city_0
person_8446,36,city_1
person_8447,37,city_2
person_8448,38,city_3
person_8449,39,city_4
person_8450,40,city_0
person_8451,41,city_1
person_8452,42,city_2
person_8453,43,city_3
person_8454,44,city_4
person_8455,45,city_0
person_8456,46,city_1
person_8457,47,city_2
person_8458,48,city_3
person_8459,49,city_4
person_8460,20,city_0
person_8461,21,city_1
person_8462,22,city_2
person_8463,23,city_3
person_8464,24,city_4
person_8465,25,city_0
person_8466,26,city_1
person_8467,27,city_2
person_8468,28,city_3
person_8469,29,city_4
person_8470,30,city_0
person_8471,31,city_1
person_8472,32,city_2
person_8473,33,city_3
person_8474,34,city_4
person_8475,35,city_0
person_8476,36,city_1
person_8477,37,city_2
person_8478,38,city_3
person_8479,39,city_4
person_8480,40,city_0
person_8481,41,city_1
person_8482,42,city_2
person_8483,43,city_3
person_8484,44,city_4
person_8485,45,city_0
person_8486,46,city_1
person_8487,47,city_2
person_8488,48,city_3
person_8489,49,city_4
person_8490,20,city_0
person_8491,21,city_1
person_8492,22,city_2
person_8493,23,city_3
person_8494,24,city_4
person_8495,25,city_0
person_8496,26,city_1
person_8497,27,city_2
person_8498,28,city_3
person_8499,29,city_4
person_8500,30,city_0
person_8501,31,city_1
person_8502,32,city_2
person_8503,33,city_3
person_8504,34,city_4
person_8505,35,city_0
person_8506,36,city_1
person_8507,37,city_2
person_8508,38,city_3
person_8509,39,city_4
person_8510,40,city_0
person_8511,41,city_1
person_8512,42,city_2
person_8513,43,city_3
person_8514,44,city_4
person_8515,45,city_0
person_8516,46,city_1
person_8517,47,city_2
person_8518,48,city_3
person_8519,49,city_4
person_8520,20,city_0
person_8521,21,city_1
person_8522,22,city_2
person_8523,23,city_3
person_8524,24,city_4
person_8525,25,city_0
person_8526,26,city_1
person_8527,27,city_2
person_8528,28,city_3
person_8529,29,city_4
person_8530,30,city_0
person_8531,31,city_1
person_8532,32,city_2
person_8533,33,city_3
person_8534,34,city_4
person_8535,35,city_0
person_8536,36,city_1
person_8537,37,city_2
person_8538,38,city_3
person_8539,39,city_4
person_8540,40,city_0
person_8541,41,city_1
person_8542,42,city_2
person_8543,43,city_3
person_8544,44,city_4
person_8545,45,city_0
person_8546,46,city_1
person_8547,47,city_2
person_8548,48,city_3
person_8549,49,city_4
person_8550,20,city_0
person_8551,21,city_1
person_8552,22,city_2
person_8553,23,city_3
person_8554,24,city_4
person_8555,25,city_0
person_8556,26,city_1
person_8557,27,city_2
person_8558,28,city_3
person_8559,29,city_4
person_8560,30,city_0
person_8561,31,city_1
person_8562,32,city_2
person_8563,33,city_3
person_8564,34,city_4
person_8565,35,city_0
person_8566,36,city_1
person_8567,37,city_2
person_8568,38,city_3
person_8569,39,city_4
person_8570,40,city_0
person_8571,41,city_1
person_8572,42,city_2
person_8573,43,city_3
person_8574,44,city_4
person_8575,45,city_0
person_8576,46,city_1
person_8577,47,city_2
person_8578,48,city_3
person_8579,49,city_4
person_8580,20,city_0
person_8581,21,city_1
person_8582,22,city_2
person_8583,23,city_3
person_8584,24,city_4
person_8585,25,city_0
person_8586,26,city_1
person_8587,27,city_2
person_8588,28,city_3
person_8589,29,city_4
person_8590,30,city_0
person_8591,31,city_1
person_8592,32,city_2
person_8593,33,city_3
person_8594,34,city_4
person_8595,35,city_0
person_8596,36,city_1
person_8597,37,city_2
person_8598,38,city_3
person_8599,39,city_4
person_8600,40,city_0
person_8601,41,city_1
person_8602,42,city_2
person_8603,43,city_3
person_8604,44,city_4
person_8605,45,city_0
person_8606,46,city_1
person_8607,47,city_2
person_8608,48,city_3
person_8609,49,city_4
person_8610,20,city_0
person_8611,21,city_1
person_8612,22,city_2
person_8613,23,city_3
person_8614,24,city_4
person_8615,25,city_0
person_8616,26,city_1
person_8617,27,city_2
person_8618,28,city_3
person_8619,29,city_4
person_8620,30,city_0
person_8621,31,city_1
person_8622,32,city_2
person_8623,33,city_3
person_8624,34,city_4
person_8625,35,city_0
person_8626,36,city_1
person_8627,37,city_2
person_8628,38,city_3
person_8629,39,city_4
person_8630,40,city_0
person_8631,41,city_1
person_8632,42,city_2
person_8633,43,city_3
person_8634,44,city_4
person_8635,45,city_0
person_8636,46,city_1
person_8637,47,city_2
person_8638,48,city_3
person_8639,49,city_4
person_8640,20,city_0
person_8641,21,city_1
person_8642,22,city_2
person_8643,23,city_3
person_8644,24,city_4
person_8645,25,city_0
person_8646,26,city_1
person_8647,27,city_2
person_8648,28,city_3
person_8649,29,city_4
person_8650,30,city_0
person_8651,31,city_1
person_8652,32,city_2
person_8653,33,city_3
person_8654,34,city_4
person_8655,35,city_0
person_8656,36,city_1
person_8657,37,city_2
person_8658,38,city_3
person_8659,39,city_4
person_8660,40,city_0
person_8661,41,city_1
person_8662,42,city_2
person_8663,43,city_3
person_8664,44,city_4
person_8665,45,city_0
person_8666,46,city_1
person_8667,47,city_2
person_8668,48,city_3
person_8669,49,city_4
person_8670,20,city_0
person_8671,21,city_1
person_8672,22,city_2
person_8673,23,city_3
person_8674,24,city_4
person_8675,25,city_0
person_8676,26,city_1
person_8677,27,city_2
person_8678,28,city_3
person_8679,29,city_4
person_8680,30,city_0
person_8681,31,city_1
person_8682,32,city_2
person_8683,33,city_3
person_8684,34,city_4
person_8685,35,city_0
person_8686,36,city_1
person_8687,37,city_2
person_8688,38,city_3
person_8689,39,city_4
person_8690,40,city_0
person_8691,41,city_1
person_8692,42,city_2
person_8693,43,city_3
person_8694,44,city_4
person_8695,45,city_0
person_8696,46,city_1
person_8697,47,city_2
person_8698,48,city_3
person_8699,49,city_4
person_8700,20,city_0
person_8701,21,city_1
person_8702,22,city_2
person_8703,23,city_3
person_8704,24,city_4
person_8705,25,city_0
person_8706,26,city_1
person_8707,27,city_2
person_8708,28,city_3
person_8709,29,city_4
person_8710,30,city_0
person_8711,31,city_1
person_8712,32,city_2
person_8713,33,city_3
person_8714,34,city_4
person_8715,35,city_0
person_8716,36,city_1
person_8717,37,city_2
person_8718,38,city_3
person_8719,39,city_4
person_8720,40,city_0
person_8721,41,city_1
person_8722,42,city_2
person_8723,43,city_3
person_8724,44,city_4
person_8725,45,city_0
person_8726,46,city_1
person_8727,47,city_2
person_8728,48,city_3
person_8729,49,city_4
person_8730,20,city_0
person_8731,21,city_1
person_8732,22,city_2
person_8733,23,city_3
person_8734,24,city_4
person_8735,25,city_0
person_8736,26,city_1
person_8737,27,city_2
person_8738,28,city_3
person_8739,29,city_4
person_8740,30,city_0
person_8741,31,city_1
person_8742,32,city_2
person_8743,33,city_3
person_8744,34,city_4
person_8745,35,city_0
person_8746,36,city_1
person_8747,37,city_2
person_8748,38,city_3
person_8749,39,city_4
person_8750,40,city_0
person_8751,41,city_1
person_8752,42,city_2
person_8753,43,city_3
person_8754,44,city_4
person_8755,45,city_0
person_8756,46,city_1
person_8757,47,city_2
person_8758,48,city_3
person_8759,49,city_4
person_8760,20,city_0
person_8761,21,city_1
person_8762,22,city_2
person_8763,23,city_3
person_8764,24,city_4
person_8765,25,city_0
person_8766,26,city_1
person_8767,27,city_2
person_8768,28,city_3
person_8769,29,city_4
person_8770,30,city_0
person_8771,31,city_1
person_8772,32,city_2
person_8773,33,city_3
person_8774,34,city_4
person_8775,35,city_0
person_8776,36,city_1
person_8777,37,city_2
person_8778,38,city_3
person_8779,39,city_4
person_8780,40,city_0
person_8781,41,city_1
person_8782,42,city_2
person_8783,43,city_3
person_8784,44,city_4
person_8785,45,city_0
person_8786,46,city_1
person_8787,47,city_2
person_8788,48,city_3
person_8789,49,city_4
person_8790,20,city_0
person_8791,21,city_1
person_8792,22,city_2
person_8793,23,city_3
person_8794,24,city_4
person_8795,25,city_0
person_8796,26,city_1
person_8797,27,city_2
person_8798,28,city_3
person_8799,29,city_4
person_8800,30,city_0
person_8801,31,city_1
person_8802,32,city_2
person_8803,33,city_3
person_8804,34,city_4
person_8805,35,city_0
person_8806,36,city_1
person_8807,37,city_2
person_8808,38,city_3
person_8809,39,city_4
person_8810,40,city_0
person_8811,41,city_1
person_8812,42,city_2
person_8813,43,city_3
person_8814,44,city_4
person_8815,45,city_0
person_8816,46,city_1
person_8817,47,city_2
person_8818,48,city_3
person_8819,49,city_4
person_8820,20,city_0
person_8821,21,city_1
person_8822,22,city_2
person_8823,23,city_3
person_8824,24,city_4
person_8825,25,city_0
person_8826,26,city_1
person_8827,27,city_2
person_8828,28,city_3
person_8829,29,city_4
person_8830,30,city_0
person_8831,31,city_1
person_8832,32,city_2
person_8833,33,city_3
person_8834,34,city_4
person_8835,35,city_0
person_8836,36,city_1
person_8837,37,city_2
person_8838,38,city_3
person_8839,39,city_4
person_8840,40,city_0
person_8841,41,city_1
person_8842,42,city_2
person_8843,43,city_3
person_8844,44,city_4
person_8845,45,city_0
person_8846,46,city_1
person_8847,47,city_2
person_8848,48,city_3
person_8849,49,city_4
person_8850,20,city_0
person_8851,21,city_1
person_8852,22,city_2
person_8853,23,city_3
person_8854,24,city_4
person_8855,25,city_0
person_8856,26,city_1
person_8857,27,city_2
person_8858,28,city_3
person_8859,29,city_4
person_8860,30,city_0
person_8861,31,city_1
person_8862,32,city_2
person_8863,33,city_3
person_8864,34,city_4
person_8865,35,city_0
person_8866,36,city_1
person_8867,37,city_2
person_8868,38,city_3
person_8869,39,city_4
person_8870,40,city_0
person_8871,41,city_1
person_8872,42,city_2
person_8873,43,city_3
person_8874,44,city_4
person_8875,45,city_0
person_8876,46,city_1
person_8877,47,city_2
person_8878,48,city_3
person_8879,49,city_4
person_8880,20,city_0
person_8881,21,city_1
person_8882,22,city_2
person_8883,23,city_3
person_8884,24,city_4
person_8885,25,city_0
person_8886,26,city_1
person_8887,27,city_2
person_8888,28,city_3
person_8889,29,city_4
person_8890,30,city_0
person_8891,31,city_1
person_8892,32,city_2
person_8893,33,city_3
person_8894,34,city_4
person_8895,35,city_0
person_8896,36,city_1
person_8897,37,city_2
person_8898,38,city_3
person_8899,39,city_4
person_8900,40,city_0
person_8901,41,city_1
person_8902,42,city_2
person_8903,43,city_3
person_8904,44,city_4
person_8905,45,city_0
person_8906,46,city_1
person_8907,47,city_2
person_8908,48,city_3
person_8909,49,city_4
person_8910,20,city_0
person_8911,21,city_1
person_8912,22,city_2
person_8913,23,city_3
person_8914,24,city_4
person_8915,25,city_0
person_8916,26,city_1
person_8917,27,city_2
person_8918,28,city_3
person_8919,29,city_4
person_8920,30,city_0
person_8921,31,city_1
person_8922,32,city_2
person_8923,33,city_3
person_8924,34,city_4
person_8925,35,city_0
person_8926,36,city_1
person_8927,37,city_2
person_8928,38,city_3
person_8929,39,city_4
person_8930,40,city_0
person_8931,41,city_1
person_8932,42,city_2
person_8933,43,city_3
person_8934,44,city_4
person_8935,45,city_0
person_8936,46,city_1
person_8937,47,city_2
person_8938,48,city_3
person_8939,49,city_4
person_8940,20,city_0
person_8941,21,city_1
person_8942,22,city_2
person_8943,23,city_3
person_8944,24,city_4
person_8945,25,city_0
person_8946,26,city_1
person_8947,27,city_2
person_8948,28,city_3
person_8949,29,city_4
person_8950,30,city_0
person_8951,31,city_1
person_8952,32,city_2
person_8953,33,city_3
person_8954,34,city_4
person_8955,35,city_0
person_8956,36,city_1
person_8957,37,city_2
person_8958,38,city_3
person_8959,39,city_4
person_8960,40,city_0
person_8961,41,city_1
person_8962,42,city_2
person_8963,43,city_3
person_8964,44,city_4
person_8965,45,city_0
person_8966,46,city_1
person_8967,47,city_2
person_8968,48,city_3
person_8969,49,city_4
person_8970,20,city_0
person_8971,21,city_1
person_8972,22,city_2
person_8973,23,city_3
person_8974,24,city_4
person_8975,25,city_0
person_8976,26,city_1
person_8977,27,city_2
person_8978,28,city_3
person_8979,29,city_4
person_8980,30,city_0
person_8981,31,city_1
person_8982,32,city_2
person_8983,33,city_3
person_8984,34,city_4
person_8985,35,city_0
person_8986,36,city_1
person_8987,37,city_2
person_8988,38,city_3
person_8989,39,city_4
person_8990,40,city_0
person_8991,41,city_1
person_8992,42,city_2
person_8993,43,city_3
person_8994,44,city_4
person_8995,45,city_0
person_8996,46,city_1
person_8997,47,city_2
person_8998,48,city_3
person_8999,49,city_4
person_9000,20,city_0
person_9001,21,city_1
person_9002,22,city_2
person_9003,23,city_3
person_9004,24,city_4
person_9005,25,city_0
person_9006,26,city_1
person_9007,27,city_2
person_9008,28,city_3
person_9009,29,city_4
person_9010,30,city_0
person_9011,31,city_1
person_9012,32,city_2
person_9013,33,city_3
person_9014,34,city_4
person_9015,35,city_0
person_9016,36,city_1
person_9017,37,city_2
person_9018,38,city_3
person_9019,39,city_4
person_9020,40,city_0
person_9021,41,city_1
person_9022,42,city_2
person_9023,43,city_3
person_9024,44,city_4
person_9025,45,city_0
person_9026,46,city_1
person_9027,47,city_2
person_9028,48,city_3
person_9029,49,city_4
person_9030,20,city_0
person_9031,21,city_1
person_9032,22,city_2
person_9033,23,city_3
person_9034,24,city_4
person_9035,25,city_0
person_9036,26,city_1
person_9037,27,city_2
person_9038,28,city_3
person_9039,29,city_4
person_9040,30,city_0
person_9041,31,city_1
person_9042,32,city_2
person_9043,33,city_3
person_9044,34,city_4
person_9045,35,city_0
person_9046,36,city_1
person_9047,37,city_2
person_9048,38,city_3
person_9049,39,city_4
person_9050,40,city_0
person_9051,41,city_1
person_9052,42,city_2
person_9053,43,city_3
person_9054,44,city_4
person_9055,45,city_0
person_9056,46,city_1
person_9057,47,city_2
person_9058,48,city_3
person_9059,49,city_4
person_9060,20,city_0
person_9061,21,city_1
person_9062,22,city_2
person_9063,23,city_3
person_9064,24,city_4
person_9065,25,city_0
person_9066,26,city_1
person_9067,27,city_2
person_9068,28,city_3
person_9069,29,city_4
person_9070,30,city_0
person_9071,31,city_1
person_9072,32,city_2
person_9073,33,city_3
person_9074,34,city_4
person_9075,35,city_0
person_9076,36,city_1
person_9077,37,city_2
person_9078,38,city_3
person_9079,39,city_4
person_9080,40,city_0
person_9081,41,city_1
person_9082,42,city_2
person_9083,43,city_3
person_9084,44,city_4
person_9085,45,city_0
person_9086,46,city_1
person_9087,47,city_2
person_9088,48,city_3
person_9089,49,city_4
person_9090,20,city_0
person_9091,21,city_1
person_9092,22,city_2
person_9093,23,city_3
person_9094,24,city_4
person_9095,25,city_0
person_9096,26,city_1
person_9097,27,city_2
person_9098,28,city_3
person_9099,29,city_4
person_9100,30,city_0
person_9101,31,city_1
person_9102,32,city_2
person_9103,33,city_3
person_9104,34,city_4
person_9105,35,city_0
person_9106,36,city_1
person_9107,37,city_2
person_9108,38,city_3
person_9109,39,city_4
person_9110,40,city_0
person_9111,41,city_1
person_9112,42,city_2
person_9113,43,city_3
person_9114,44,city_4
person_9115,45,city_0
person_9116,46,city_1
person_9117,47,city_2
person_9118,48,city_3
person_9119,49,city_4
person_9120,20,city_0
person_9121,21,city_1
person_9122,22,city_2
person_9123,23,city_3
person_9124,24,city_4
person_9125,25,city_0
person_9126,26,city_1
person_9127,27,city_2
person_9128,28,city_3
person_9129,29,city_4
person_9130,30,city_0
person_9131,31,city_1
person_9132,32,city_2
person_9133,33,city_3
person_9134,34,city_4
person_9135,35,city_0
person_9136,36,city_1
person_9137,37,city_2
person_9138,38,city_3
person_9139,39,city_4
person_9140,40,city_0
person_9141,41,city_1
person_9142,42,city_2
person_9143,43,city_3
person_9144,44,city_4
person_9145,45,city_0
person_9146,46,city_1
person_9147,47,city_2
person_9148,48,city_3
person_9149,49,city_4
person_9150,20,city_0
person_9151,21,city_1
person_9152,22,city_2
person_9153,23,city_3
person_9154,24,city_4
person_9155,25,city_0
person_9156,26,city_1
person_9157,27,city_2
person_9158,28,city_3
person_9159,29,city_4
person_9160,30,city_0
person_9161,31,city_1
person_9162,32,city_2
person_9163,33,city_3
person_9164,34,city_4
person_9165,35,city_0
person_9166,36,city_1
person_9167,37,city_2
person_9168,38,city_3
person_9169,39,city_4
person_9170,40,city_0
person_9171,41,city_1
person_9172,42,city_2
person_9173,43,city_3
person_9174,44,city_4
person_9175,45,city_0
person_9176,46,city_1
person_9177,47,city_2
person_9178,48,city_3
person_9179,49,city_4
person_9180,20,city_0
person_9181,21,city_1
person_9182,22,city_2
person_9183,23,city_3
person_9184,24,city_4
person_9185,25,city_0
person_9186,26,city_1
person_9187,27,city_2
person_9188,28,city_3
person_9189,29,city_4
person_9190,30,city_0
person_9191,31,city_1
person_9192,32,city_2
person_9193,33,city_3
person_9194,34,city_4
person_9195,35,city_0
person_9196,36,city_1
person_9197,37,city_2
person_9198,38,city_3
person_9199,39,city_4
person_9200,40,city_0
person_9201,41,city_1
person_9202,42,city_2
person_9203,43,city_3
person_9204,44,city_4
person_9205,45,city_0
person_9206,46,city_1
person_9207,47,city_2
person_9208,48,city_3
person_9209,49,city_4
person_9210,20,city_0
person_9211,21,city_1
person_9212,22,city_2
person_9213,23,city_3
person_9214,24,city_4
person_9215,25,city_0
person_9216,26,city_1
person_9217,27,city_2
person_9218,28,city_3
person_9219,29,city_4
person_9220,30,city_0
person_9221,31,city_1
person_9222,32,city_2
person_9223,33,city_3
person_9224,34,city_4
person_9225,35,city_0
person_9226,36,city_1
person_9227,37,city_2
person_9228,38,city_3
person_9229,39,city_4
person_9230,40,city_0
person_9231,41,city_1
person_9232,42,city_2
person_9233,43,city_3
person_9234,44,city_4
person_9235,45,city_0
person_9236,46,city_1
person_9237,47,city_2
person_9238,48,city_3
person_9239,49,city_4
person_9240,20,city_0
person_9241,21,city_1
person_9242,22,city_2
person_9243,23,city_3
person_9244,24,city_4
person_9245,25,city_0
person_9246,26,city_1
person_9247,27,city_2
person_9248,28,city_3
person_9249,29,city_4
person_9250,30,city_0
person_9251,31,city_1
person_9252,32,city_2
person_9253,33,city_3
person_9254,34,city_4
person_9255,35,city_0
person_9256,36,city_1
person_9257,37,city_2
person_9258,38,city_3
person_9259,39,city_4
person_9260,40,city_0
person_9261,41,city_1
person_9262,42,city_2
person_9263,43,city_3
person_9264,44,city_4
person_9265,45,city_0
person_9266,46,city_1
person_9267,47,city_2
person_9268,48,city_3
person_9269,49,city_4
person_9270,20,city_0
person_9271,21,city_1
person_9272,22,city_2
person_9273,23,city_3
person_9274,24,city_4
person_9275,25,city_0
person_9276,26,city_1
person_9277,27,city_2
person_9278,28,city_3
person_9279,29,city_4
person_9280,30,city_0
person_9281,31,city_1
person_9282,32,city_2
person_9283,33,city_3
person_9284,34,city_4
person_9285,35,city_0
person_9286,36,city_1
person_9287,37,city_2
person_9288,38,city_3
person_9289,39,city_4
person_9290,40,city_0
person_9291,41,city_1
person_9292,42,city_2
person_9293,43,city_3
person_9294,44,city_4
person_9295,45,city_0
person_9296,46,city_1
person_9297,47,city_2
person_9298,48,city_3
person_9299,49,city_4
person_9300,20,city_0
person_9301,21,city_1
person_9302,22,city_2
person_9303,23,city_3
person_9304,24,city_4
person_9305,25,city_0
person_9306,26,city_1
person_9307,27,city_2
person_9308,28,city_3
person_9309,29,city_4
person_9310,30,city_0
person_9311,31,city_1
person_9312,32,city_2
person_9313,33,city_3
person_9314,34,city_4
person_9315,35,city_0
person_9316,36,city_1
person_9317,37,city_2
person_9318,38,city_3
person_9319,39,city_4
person_9320,40,city_0
person_9321,41,city_1
person_9322,42,city_2
person_9323,43,city_3
person_9324,44,city_4
person_9325,45,city_0
person_9326,46,city_1
person_9327,47,city_2
person_9328,48,city_3
person_9329,49,city_4
person_9330,20,city_0
person_9331,21,city_1
person_9332,22,city_2
person_9333,23,city_3
person_9334,24,city_4
person_9335,25,city_0
person_9336,26,city_1
person_9337,27,city_2
person_9338,28,city_3
person_9339,29,city_4
person_9340,30,city_0
person_9341,31,city_1
person_9342,32,city_2
person_9343,33,city_3
person_9344,34,city_4
person_9345,35,city_0
person_9346,36,city_1
person_9347,37,city_2
person_9348,38,city_3
person_9349,39,city_4
person_9350,40,city_0
person_9351,41,city_1
person_9352,42,city_2
person_9353,43,city_3
person_9354,44,city_4
person_9355,45,city_0
person_9356,46,city_1
person_9357,47,city_2
person_9358,48,city_3
person_9359,49,city_4
person_9360,20,city_0
person_9361,21,city_1
person_9362,22,city_2
person_9363,23,city_3
person_9364,24,city_4
person_9365,25,city_0
person_9366,26,city_1
person_9367,27,city_2
person_9368,28,city_3
person_9369,29,city_4
person_9370,30,city_0
person_9371,31,city_1
person_9372,32,city_2
person_9373,33,city_3
person_9374,34,city_4
person_9375,35,city_0
person_9376,36,city_1
person_9377,37,city_2
person_9378,38,city_3
person_9379,39,city_4
person_9380,40,city_0
person_9381,41,city_1
person_9382,42,city_2
person_9383,43,city_3
person_9384,44,city_4
person_9385,45,city_0
person_9386,46,city_1
person_9387,47,city_2
person_9388,48,city_3
person_9389,49,city_4
person_9390,20,city_0
person_9391,21,city_1
person_9392,22,city_2
person_9393,23,city_3
person_9394,24,city_4
person_9395,25,city_0
person_9396,26,city_1
person_9397,27,city_2
person_9398,28,city_3
person_9399,29,city_4
person_9400,30,city_0
person_9401,31,city_1
person_9402,32,city_2
person_9403,33,city_3
person_9404,34,city_4
person_9405,35,city_0
person_9406,36,city_1
person_9407,37,city_2
person_9408,38,city_3
person_9409,39,city_4
person_9410,40,city_0
person_9411,41,city_1
person_9412,42,city_2
person_9413,43,city_3
person_9414,44,city_4
person_9415,45,city_0
person_9416,46,city_1
person_9417,47,city_2
person_9418,48,city_3
person_9419,49,city_4
person_9420,20,city_0
person_9421,21,city_1
person_9422,22,city_2
person_9423,23,city_3
person_9424,24,city_4
person_9425,25,city_0
person_9426,26,city_1
person_9427,27,city_2
person_9428,28,city_3
person_9429,29,city_4
person_9430,30,city_0
person_9431,31,city_1
person_9432,32,city_2
person_9433,33,city_3
person_9434,34,city_4
person_9435,35,city_0
person_9436,36,city_1
person_9437,37,city_2
person_9438,38,city_3
person_9439,39,city_4
person_9440,40,city_0
person_9441,41,city_1
person_9442,42,city_2
person_9443,43,city_3
person_9444,44,city_4
person_9445,45,city_0
person_9446,46,city_1
person_9447,47,city_2
person_9448,48,city_3
person_9449,49,city_4
person_9450,20,city_0
person_9451,21,city_1
person_9452,22,city_2
person_9453,23,city_3
person_9454,24,city_4
person_9455,25,city_0
person_9456,26,city_1
person_9457,27,city_2
person_9458,28,city_3
person_9459,29,city_4
person_9460,30,city_0
person_9461,31,city_1
person_9462,32,city_2
person_9463,33,city_3
person_9464,34,city_4
person_9465,35,city_0
person_9466,36,city_1
person_9467,37,city_2
person_9468,38,city_3
person_9469,39,city_4
person_9470,40,city_0
person_9471,41,city_1
person_9472,42,city_2
person_9473,43,city_3
person_9474,44,city_4
person_9475,45,city_0
person_9476,46,city_1
person_9477,47,city_2
person_9478,48,city_3
person_9479,49,city_4
person_9480,20,city_0
person_9481,21,city_1
person_9482,22,city_2
person_9483,23,city_3
person_9484,24,city_4
person_9485,25,city_0
person_9486,26,city_1
person_9487,27,city_2
person_9488,28,city_3
person_9489,29,city_4
person_9490,30,city_0
person_9491,31,city_1
person_9492,32,city_2
person_9493,33,city_3
person_9494,34,city_4
person_9495,35,city_0
person_9496,36,city_1
person_9497,37,city_2
person_9498,38,city_3
person_9499,39,city_4
person_9500,40,city_0
person_9501,41,city_1
person_9502,42,city_2
person_9503,43,city_3
person_9504,44,city_4
person_9505,45,city_0
person_9506,46,city_1
person_9507,47,city_2
person_9508,48,city_3
person_9509,49,city_4
person_9510,20,city_0
person_9511,21,city_1
person_9512,22,city_2
person_9513,23,city_3
person_9514,24,city_4
person_9515,25,city_0
person_9516,26,city_1
person_9517,27,city_2
person_9518,28,city_3
person_9519,29,city_4
person_9520,30,city_0
person_9521,31,city_1
person_9522,32,city_2
person_9523,33,city_3
person_9524,34,city_4
person_9525,35,city_0
person_9526,36,city_1
person_9527,37,city_2
person_9528,38,city_3
person_9529,39,city_4
person_9530,40,city_0
person_9531,41,city_1
person_9532,42,city_2
person_9533,43,city_3
person_9534,44,city_4
person_9535,45,city_0
person_9536,46,city_1
person_9537,47,city_2
person_9538,48,city_3
person_9539,49,city_4
person_9540,20,city_0
person_9541,21,city_1
person_9542,22,city_2
person_9543,23,city_3
person_9544,24,city_4
person_9545,25,city_0
person_9546,26,city_1
person_9547,27,city_2
person_9548,28,city_3
person_9549,29,city_4
person_9550,30,city_0
person_9551,31,city_1
person_9552,32,city_2
person_9553,33,city_3
person_9554,34,city_4
person_9555,35,city_0
person_9556,36,city_1
person_9557,37,city_2
person_9558,38,city_3
person_9559,39,city_4
person_9560,40,city_0
person_9561,41,city_1
person_9562,42,city_2
person_9563,43,city_3
person_9564,44,city_4
person_9565,45,city_0
person_9566,46,city_1
person_9567,47,city_2
person_9568,48,city_3
person_9569,49,city_4
person_9570,20,city_0
person_9571,21,city_1
person_9572,22,city_2
person_9573,23,city_3
person_9574,24,city_4
person_9575,25,city_0
person_9576,26,city_1
person_9577,27,city_2
person_9578,28,city_3
person_9579,29,city_4
person_9580,30,city_0
person_9581,31,city_1
person_9582,32,city_2
person_9583,33,city_3
person_9584,34,city_4
person_9585,35,city_0
person_9586,36,city_1
person_9587,37,city_2
person_9588,38,city_3
person_9589,39,city_4
person_9590,40,city_0
person_9591,41,city_1
person_9592,42,city_2
person_9593,43,city_3
person_9594,44,city_4
person_9595,45,city_0
person_9596,46,city_1
person_9597,47,city_2
person_9598,48,city_3
person_9599,49,city_4
person_9600,20,city_0
person_9601,21,city_1
person_9602,22,city_2
person_9603,23,city_3
person_9604,24,city_4
person_9605,25,city_0
person_9606,26,city_1
person_9607,27,city_2
person_9608,28,city_3
person_9609,29,city_4
person_9610,30,city_0
person_9611,31,city_1
person_9612,32,city_2
person_9613,33,city_3
person_9614,34,city_4
person_9615,35,city_0
person_9616,36,city_1
person_9617,37,city_2
person_9618,38,city_3
person_9619,39,city_4
person_9620,40,city_0
person_9621,41,city_1
person_9622,42,city_2
person_9623,43,city_3
person_9624,44,city_4
person_9625,45,city_0
person_9626,46,city_1
person_9627,47,city_2
person_9628,48,city_3
person_9629,49,city_4
person_9630,20,city_0
person_9631,21,city_1
person_9632,22,city_2
person_9633,23,city_3
person_9634,24,city_4
person_9635,25,city_0
person_9636,26,city_1
person_9637,27,city_2
person_9638,28,city_3
person_9639,29,city_4
person_9640,30,city_0
person_9641,31,city_1
person_9642,32,city_2
person_9643,33,city_3
person_9644,34,city_4
person_9645,35,city_0
person_9646,36,city_1
person_9647,37,city_2
person_9648,38,city_3
person_9649,39,city_4
person_9650,40,city_0
person_9651,41,city_1
person_9652,42,city_2
person_9653,43,city_3
person_9654,44,city_4
person_9655,45,city_0
person_9656,46,city_1
person_9657,47,city_2
person_9658,48,city_3
person_9659,49,city_4
person_9660,20,city_0
person_9661,21,city_1
person_9662,22,city_2
person_9663,23,city_3
person_9664,24,city_4
person_9665,25,city_0
person_9666,26,city_1
person_9667,27,city_2
person_9668,28,city_3
person_9669,29,city_4
person_9670,30,city_0
person_9671,31,city_1
person_9672,32,city_2
person_9673,33,city_3
person_9674,34,city_4
person_9675,35,city_0
person_9676,36,city_1
person_9677,37,city_2
person_9678,38,city_3
person_9679,39,city_4
person_9680,40,city_0
person_9681,41,city_1
person_9682,42,city_2
person_9683,43,city_3
person_9684,44,city_4
person_9685,45,city_0
person_9686,46,city_1
person_9687,47,city_2
person_9688,48,city_3
person_9689,49,city_4
person_9690,20,city_0
person_9691,21,city_1
person_9692,22,city_2
person_9693,23,city_3
person_9694,24,city_4
person_9695,25,city_0
person_9696,26,city_1
person_9697,27,city_2
person_9698,28,city_3
person_9699,29,city_4
person_9700,30,city_0
person_9701,31,city_1
person_9702,32,city_2
person_9703,33,city_3
person_9704,34,city_4
person_9705,35,city_0
person_9706,36,city_1
person_9707,37,city_2
person_9708,38,city_3
person_9709,39,city_4
person_9710,40,city_0
person_9711,41,city_1
person_9712,42,city_2
person_9713,43,city_3
person_9714,44,city_4
person_9715,45,city_0
person_9716,46,city_1
person_9717,47,city_2
person_9718,48,city_3
person_9719,49,city_4
person_9720,20,city_0
person_9721,21,city_1
person_9722,22,city_2
person_9723,23,city_3
person_9724,24,city_4
person_9725,25,city_0
person_9726,26,city_1
person_9727,27,city_2
person_9728,28,city_3
person_9729,29,city_4
person_9730,30,city_0
person_9731,31,city_1
person_9732,32,city_2
person_9733,33,city_3
person_9734,34,city_4
person_9735,35,city_0
person_9736,36,city_1
person_9737,37,city_2
person_9738,38,city_3
person_9739,39,city_4
person_9740,40,city_0
person_9741,41,city_1
person_9742,42,city_2
person_9743,43,city_3
person_9744,44,city_4
person_9745,45,city_0
person_9746,46,city_1
person_9747,47,city_2
person_9748,48,city_3
person_9749,49,city_4
person_9750,20,city_0
person_9751,21,city_1
person_9752,22,city_2
person_9753,23,city_3
person_9754,24,city_4
person_9755,25,city_0
person_9756,26,city_1
person_9757,27,city_2
person_9758,28,city_3
person_9759,29,city_4
person_9760,30,city_0
person_9761,31,city_1
person_9762,32,city_2
person_9763,33,city_3
person_9764,34,city_4
person_9765,35,city_0
person_9766,36,city_1
person_9767,37,city_2
person_9768,38,city_3
person_9769,39,city_4
person_9770,40,city_0
person_9771,41,city_1
person_9772,42,city_2
person_9773,43,city_3
person_9774,44,city_4
person_9775,45,city_0
person_9776,46,city_1
person_9777,47,city_2
person_9778,48,city_3
person_9779,49,city_4
person_9780,20,city_0
person_9781,21,city_1
person_9782,22,city_2
person_9783,23,city_3
person_9784,24,city_4
person_9785,25,city_0
person_9786,26,city_1
person_9787,27,city_2
person_9788,28,city_3
person_9789,29,city_4
person_9790,30,city_0
person_9791,31,city_1
person_9792,32,city_2
person_9793,33,city_3
person_9794,34,city_4
person_9795,35,city_0
person_9796,36,city_1
person_9797,37,city_2
person_9798,38,city_3
person_9799,39,city_4
person_9800,40,city_0
person_9801,41,city_1
person_9802,42,city_2
person_9803,43,city_3
person_9804,44,city_4
person_9805,45,city_0
person_9806,46,city_1
person_9807,47,city_2
person_9808,48,city_3
person_9809,49,city_4
person_9810,20,city_0
person_9811,21,city_1
person_9812,22,city_2
person_9813,23,city_3
person_9814,24,city_4
person_9815,25,city_0
person_9816,26,city_1
person_9817,27,city_2
person_9818,28,city_3
person_9819,29,city_4
person_9820,30,city_0
person_9821,31,city_1
person_9822,32,city_2
person_9823,33,city_3
person_9824,34,city_4
person_9825,35,city_0
person_9826,36,city_1
person_9827,37,city_2
person_9828,38,city_3
person_9829,39,city_4
person_9830,40,city_0
person_9831,41,city_1
person_9832,42,city_2
person_9833,43,city_3
person_9834,44,city_4
person_9835,45,city_0
person_9836,46,city_1
person_9837,47,city_2
person_9838,48,city_3
person_9839,49,city_4
person_9840,20,city_0
person_9841,21,city_1
person_9842,22,city_2
person_9843,23,city_3
person_9844,24,city_4
person_9845,25,city_0
person_9846,26,city_1
person_9847,27,city_2
person_9848,28,city_3
person_9849,29,city_4
person_9850,30,city_0
person_9851,31,city_1
person_9852,32,city_2
person_9853,33,city_3
person_9854,34,city_4
person_9855,35,city_0
person_9856,36,city_1
person_9857,37,city_2
person_9858,38,city_3
person_9859,39,city_4
person_9860,40,city_0
person_9861,41,city_1
person_9862,42,city_2
person_9863,43,city_3
person_9864,44,city_4
person_9865,45,city_0
person_9866,46,city_1
person_9867,47,city_2
person_9868,48,city_3
person_9869,49,city_4
person_9870,20,city_0
person_9871,21,city_1
person_9872,22,city_2
person_9873,23,city_3
person_9874,24,city_4
person_9875,25,city_0
person_9876,26,city_1
person_9877,27,city_2
person_9878,28,city_3
person_9879,29,city_4
person_9880,30,city_0
person_9881,31,city_1
person_9882,32,city_2
person_9883,33,city_3
person_9884,34,city_4
person_9885,35,city_0
person_9886,36,city_1
person_9887,37,city_2
person_9888,38,city_3
person_9889,39,city_4
person_9890,40,city_0
person_9891,41,city_1
person_9892,42,city_2
person_9893,43,city_3
person_9894,44,city_4
person_9895,45,city_0
person_9896,46,city_1
person_9897,47,city_2
person_9898,48,city_3
person_9899,49,city_4
person_9900,20,city_0
person_9901,21,city_1
person_9902,22,city_2
person_9903,23,city_3
person_9904,24,city_4
person_9905,25,city_0
person_9906,26,city_1
person_9907,27,city_2
person_9908,28,city_3
person_9909,29,city_4
person_9910,30,city_0
person_9911,31,city_1
person_9912,32,city_2
person_9913,33,city_3
person_9914,34,city_4
person_9915,35,city_0
person_9916,36,city_1
person_9917,37,city_2
person_9918,38,city_3
person_9919,39,city_4
person_9920,40,city_0
person_9921,41,city_1
person_9922,42,city_2
person_9923,43,city_3
person_9924,44,city_4
person_9925,45,city_0
person_9926,46,city_1
person_9927,47,city_2
person_9928,48,city_3
person_9929,49,city_4
person_9930,20,city_0
person_9931,21,city_1
person_9932,22,city_2
person_9933,23,city_3
person_9934,24,city_4
person_9935,25,city_0
person_9936,26,city_1
person_9937,27,city_2
person_9938,28,city_3
person_9939,29,city_4
person_9940,30,city_0
person_9941,31,city_1
person_9942,32,city_2
person_9943,33,city_3
person_9944,34,city_4
person_9945,35,city_0
person_9946,36,city_1
person_9947,37,city_2
person_9948,38,city_3
person_9949,39,city_4
person_9950,40,city_0
person_9951,41,city_1
person_9952,42,city_2
person_9953,43,city_3
person_9954,44,city_4
person_9955,45,city_0
person_9956,46,city_1
person_9957,47,city_2
person_9958,48,city_3
person_9959,49,city_4
person_9960,20,city_0
person_9961,21,city_1
person_9962,22,city_2
person_9963,23,city_3
person_9964,24,city_4
person_9965,25,city_0
person_9966,26,city_1
person_9967,27,city_2
person_9968,28,city_3
person_9969,29,city_4
person_9970,30,city_0
person_9971,31,city_1
person_9972,32,city_2
person_9973,33,city_3
person_9974,34,city_4
person_9975,35,city_0
person_9976,36,city_1
person_9977,37,city_2
person_9978,38,city_3
person_9979,39,city_4
person_9980,40,city_0
person_9981,41,city_1
person_9982,42,city_2
person_9983,43,city_3
person_9984,44,city_4
person_9985,45,city_0
person_9986,46,city_1
person_9987,47,city_2
person_9988,48,city_3
person_9989,49,city_4
person_9990,20,city_0
person_9991,21,city_1
person_9992,22,city_2
person_9993,23,city_3
person_9994,24,city_4
person_9995,25,city_0
person_9996,26,city_1
person_9997,27,city_2
person_9998,28,city_3
person_9999,29,city_4
